{
  "count": {
    "Backspace-Backspace": 1
  },
  "p1": [],
  "p2": [],
  "p3": [],
  "p4": [
    {
      "code": "Backspace-Backspace",
      "Press": 276248.36500000005,
      "Release": 277016.365,
      "allData": {
        "Press": {
          "altKey": false,
          "bubbles": true,
          "cancelBubble": false,
          "cancelable": true,
          "charCode": 0,
          "code": "Backspace",
          "composed": true,
          "ctrlKey": false,
          "defaultPrevented": false,
          "detail": 0,
          "eventPhase": 3,
          "isComposing": false,
          "isTrusted": true,
          "key": "Backspace",
          "keyCode": 8,
          "location": 0,
          "metaKey": false,
          "repeat": false,
          "returnValue": true,
          "shiftKey": false,
          "target": "textarea#textarea.undefined",
          "timeStamp": 276248.36500000005,
          "localTimeStamp": 1490305761431,
          "type": "keydown",
          "which": 8,
          "pairedEvents": [
            {
              "altKey": false,
              "bubbles": true,
              "cancelBubble": false,
              "cancelable": true,
              "charCode": 0,
              "code": "Backspace",
              "composed": true,
              "ctrlKey": false,
              "defaultPrevented": false,
              "detail": 0,
              "eventPhase": 3,
              "isComposing": false,
              "isTrusted": true,
              "key": "Backspace",
              "keyCode": 8,
              "location": 0,
              "metaKey": false,
              "repeat": true,
              "returnValue": true,
              "shiftKey": false,
              "target": "textarea#textarea.undefined",
              "timeStamp": 276908.365,
              "localTimeStamp": 1490305762091,
              "type": "keydown",
              "which": 8
            },
            {
              "altKey": false,
              "bubbles": true,
              "cancelBubble": false,
              "cancelable": true,
              "charCode": 0,
              "code": "Backspace",
              "composed": true,
              "ctrlKey": false,
              "defaultPrevented": false,
              "detail": 0,
              "eventPhase": 3,
              "isComposing": false,
              "isTrusted": true,
              "key": "Backspace",
              "keyCode": 8,
              "location": 0,
              "metaKey": false,
              "repeat": true,
              "returnValue": true,
              "shiftKey": false,
              "target": "textarea#textarea.undefined",
              "timeStamp": 276948.36500000005,
              "localTimeStamp": 1490305762131,
              "type": "keydown",
              "which": 8
            },
            {
              "altKey": false,
              "bubbles": true,
              "cancelBubble": false,
              "cancelable": true,
              "charCode": 0,
              "code": "Backspace",
              "composed": true,
              "ctrlKey": false,
              "defaultPrevented": false,
              "detail": 0,
              "eventPhase": 3,
              "isComposing": false,
              "isTrusted": true,
              "key": "Backspace",
              "keyCode": 8,
              "location": 0,
              "metaKey": false,
              "repeat": true,
              "returnValue": true,
              "shiftKey": false,
              "target": "textarea#textarea.undefined",
              "timeStamp": 276988.36500000005,
              "localTimeStamp": 1490305762170,
              "type": "keydown",
              "which": 8
            }
          ]
        },
        "Release": {
          "altKey": false,
          "bubbles": true,
          "cancelBubble": false,
          "cancelable": true,
          "charCode": 0,
          "code": "Backspace",
          "composed": true,
          "ctrlKey": false,
          "defaultPrevented": false,
          "detail": 0,
          "eventPhase": 3,
          "isComposing": false,
          "isTrusted": true,
          "key": "Backspace",
          "keyCode": 8,
          "location": 0,
          "metaKey": false,
          "repeat": false,
          "returnValue": true,
          "shiftKey": false,
          "target": "textarea#textarea.undefined",
          "timeStamp": 277016.365,
          "localTimeStamp": 1490305762198,
          "type": "keyup",
          "which": 8
        }
      },
      "wrongKeyPair": true
    }
  ],
  "p5": [],
  "p6": []
}