{
  "p1": {},
  "p2": {},
  "p3": {
    "undefined-undefined": [
      40,
      72,
      96,
      64,
      136,
      112,
      152,
      112,
      8,
      8,
      120,
      48,
      96,
      24,
      112,
      40,
      136,
      128,
      80,
      104,
      104,
      88,
      112,
      200,
      112,
      88,
      112,
      104,
      112,
      112,
      104,
      104,
      88,
      2336,
      184,
      56,
      112,
      56,
      80,
      128,
      80,
      136,
      152,
      88,
      144,
      192,
      128,
      112,
      56,
      8,
      96,
      88,
      72,
      112,
      80,
      104,
      128,
      88,
      136,
      1184,
      64,
      104,
      208,
      136,
      88,
      104,
      120,
      128,
      104,
      8,
      128,
      96,
      128,
      96,
      104,
      128,
      112,
      104,
      80,
      96,
      80,
      160,
      176,
      176,
      40,
      64,
      72,
      80,
      80,
      80,
      144,
      56,
      152,
      128,
      104,
      128,
      160,
      96,
      120,
      88,
      72,
      96,
      72,
      40,
      80,
      80,
      88,
      88,
      64,
      104,
      96,
      112
    ]
  },
  "p4": {},
  "p5": {},
  "p6": {}
}