{
  "count": {
    "Backspace-Backspace": 3
  },
  "p1": [
    {
      "code": "Backspace-Backspace",
      "Press": 97726608.88000001,
      "Release": 97727229.12,
      "allData": {
        "Press": {
          "altKey": false,
          "bubbles": true,
          "cancelBubble": false,
          "cancelable": true,
          "charCode": 0,
          "code": "Backspace",
          "composed": true,
          "ctrlKey": false,
          "defaultPrevented": false,
          "detail": 0,
          "eventPhase": 3,
          "isComposing": false,
          "isTrusted": true,
          "key": "Backspace",
          "keyCode": 8,
          "location": 0,
          "metaKey": false,
          "repeat": false,
          "returnValue": true,
          "shiftKey": false,
          "target": "textarea#textarea.undefined",
          "timeStamp": 97726608.88000001,
          "localTimeStamp": 1490555638344,
          "type": "keydown",
          "which": 8,
          "pairedEvents": [
            {
              "altKey": false,
              "bubbles": true,
              "cancelBubble": false,
              "cancelable": true,
              "charCode": 0,
              "code": "Backspace",
              "composed": true,
              "ctrlKey": false,
              "defaultPrevented": false,
              "detail": 0,
              "eventPhase": 3,
              "isComposing": false,
              "isTrusted": true,
              "key": "Backspace",
              "keyCode": 8,
              "location": 0,
              "metaKey": false,
              "repeat": true,
              "returnValue": true,
              "shiftKey": false,
              "target": "textarea#textarea.undefined",
              "timeStamp": 97727113.96500002,
              "localTimeStamp": 1490555638851,
              "type": "keydown",
              "which": 8
            },
            {
              "altKey": false,
              "bubbles": true,
              "cancelBubble": false,
              "cancelable": true,
              "charCode": 0,
              "code": "Backspace",
              "composed": true,
              "ctrlKey": false,
              "defaultPrevented": false,
              "detail": 0,
              "eventPhase": 3,
              "isComposing": false,
              "isTrusted": true,
              "key": "Backspace",
              "keyCode": 8,
              "location": 0,
              "metaKey": false,
              "repeat": true,
              "returnValue": true,
              "shiftKey": false,
              "target": "textarea#textarea.undefined",
              "timeStamp": 97727199.61000001,
              "localTimeStamp": 1490555638936,
              "type": "keydown",
              "which": 8
            }
          ]
        },
        "Release": {
          "altKey": false,
          "bubbles": true,
          "cancelBubble": false,
          "cancelable": true,
          "charCode": 0,
          "code": "Backspace",
          "composed": true,
          "ctrlKey": false,
          "defaultPrevented": false,
          "detail": 0,
          "eventPhase": 3,
          "isComposing": false,
          "isTrusted": true,
          "key": "Backspace",
          "keyCode": 8,
          "location": 0,
          "metaKey": false,
          "repeat": false,
          "returnValue": true,
          "shiftKey": false,
          "target": "textarea#textarea.undefined",
          "timeStamp": 97727229.12,
          "localTimeStamp": 1490555638964,
          "type": "keyup",
          "which": 8
        }
      },
      "wrongKeyPair": true
    },
    {
      "code": "Backspace-Backspace",
      "Press": 97730118.83000001,
      "Release": 97730826.95,
      "allData": {
        "Press": {
          "altKey": false,
          "bubbles": true,
          "cancelBubble": false,
          "cancelable": true,
          "charCode": 0,
          "code": "Backspace",
          "composed": true,
          "ctrlKey": false,
          "defaultPrevented": false,
          "detail": 0,
          "eventPhase": 3,
          "isComposing": false,
          "isTrusted": true,
          "key": "Backspace",
          "keyCode": 8,
          "location": 0,
          "metaKey": false,
          "repeat": false,
          "returnValue": true,
          "shiftKey": false,
          "target": "textarea#textarea.undefined",
          "timeStamp": 97730118.83000001,
          "localTimeStamp": 1490555641855,
          "type": "keydown",
          "which": 8,
          "pairedEvents": [
            {
              "altKey": false,
              "bubbles": true,
              "cancelBubble": false,
              "cancelable": true,
              "charCode": 0,
              "code": "Backspace",
              "composed": true,
              "ctrlKey": false,
              "defaultPrevented": false,
              "detail": 0,
              "eventPhase": 3,
              "isComposing": false,
              "isTrusted": true,
              "key": "Backspace",
              "keyCode": 8,
              "location": 0,
              "metaKey": false,
              "repeat": true,
              "returnValue": true,
              "shiftKey": false,
              "target": "textarea#textarea.undefined",
              "timeStamp": 97730623.41000001,
              "localTimeStamp": 1490555642359,
              "type": "keydown",
              "which": 8
            },
            {
              "altKey": false,
              "bubbles": true,
              "cancelBubble": false,
              "cancelable": true,
              "charCode": 0,
              "code": "Backspace",
              "composed": true,
              "ctrlKey": false,
              "defaultPrevented": false,
              "detail": 0,
              "eventPhase": 3,
              "isComposing": false,
              "isTrusted": true,
              "key": "Backspace",
              "keyCode": 8,
              "location": 0,
              "metaKey": false,
              "repeat": true,
              "returnValue": true,
              "shiftKey": false,
              "target": "textarea#textarea.undefined",
              "timeStamp": 97730709.94500001,
              "localTimeStamp": 1490555642446,
              "type": "keydown",
              "which": 8
            },
            {
              "altKey": false,
              "bubbles": true,
              "cancelBubble": false,
              "cancelable": true,
              "charCode": 0,
              "code": "Backspace",
              "composed": true,
              "ctrlKey": false,
              "defaultPrevented": false,
              "detail": 0,
              "eventPhase": 3,
              "isComposing": false,
              "isTrusted": true,
              "key": "Backspace",
              "keyCode": 8,
              "location": 0,
              "metaKey": false,
              "repeat": true,
              "returnValue": true,
              "shiftKey": false,
              "target": "textarea#textarea.undefined",
              "timeStamp": 97730795.675,
              "localTimeStamp": 1490555642531,
              "type": "keydown",
              "which": 8
            }
          ]
        },
        "Release": {
          "altKey": false,
          "bubbles": true,
          "cancelBubble": false,
          "cancelable": true,
          "charCode": 0,
          "code": "Backspace",
          "composed": true,
          "ctrlKey": false,
          "defaultPrevented": false,
          "detail": 0,
          "eventPhase": 3,
          "isComposing": false,
          "isTrusted": true,
          "key": "Backspace",
          "keyCode": 8,
          "location": 0,
          "metaKey": false,
          "repeat": false,
          "returnValue": true,
          "shiftKey": false,
          "target": "textarea#textarea.undefined",
          "timeStamp": 97730826.95,
          "localTimeStamp": 1490555642562,
          "type": "keyup",
          "which": 8
        }
      },
      "wrongKeyPair": true
    }
  ],
  "p2": [],
  "p3": [],
  "p4": [],
  "p5": [
    {
      "code": "Backspace-Backspace",
      "Press": 98109462.76,
      "Release": 98110494.92000002,
      "allData": {
        "Press": {
          "altKey": false,
          "bubbles": true,
          "cancelBubble": false,
          "cancelable": true,
          "charCode": 0,
          "code": "Backspace",
          "composed": true,
          "ctrlKey": false,
          "defaultPrevented": false,
          "detail": 0,
          "eventPhase": 3,
          "isComposing": false,
          "isTrusted": true,
          "key": "Backspace",
          "keyCode": 8,
          "location": 0,
          "metaKey": false,
          "repeat": false,
          "returnValue": true,
          "shiftKey": false,
          "target": "textarea#textarea.undefined",
          "timeStamp": 98109462.76,
          "localTimeStamp": 1490556021216,
          "type": "keydown",
          "which": 8,
          "pairedEvents": [
            {
              "altKey": false,
              "bubbles": true,
              "cancelBubble": false,
              "cancelable": true,
              "charCode": 0,
              "code": "Backspace",
              "composed": true,
              "ctrlKey": false,
              "defaultPrevented": false,
              "detail": 0,
              "eventPhase": 3,
              "isComposing": false,
              "isTrusted": true,
              "key": "Backspace",
              "keyCode": 8,
              "location": 0,
              "metaKey": false,
              "repeat": true,
              "returnValue": true,
              "shiftKey": false,
              "target": "textarea#textarea.undefined",
              "timeStamp": 98109967.73,
              "localTimeStamp": 1490556021721,
              "type": "keydown",
              "which": 8
            },
            {
              "altKey": false,
              "bubbles": true,
              "cancelBubble": false,
              "cancelable": true,
              "charCode": 0,
              "code": "Backspace",
              "composed": true,
              "ctrlKey": false,
              "defaultPrevented": false,
              "detail": 0,
              "eventPhase": 3,
              "isComposing": false,
              "isTrusted": true,
              "key": "Backspace",
              "keyCode": 8,
              "location": 0,
              "metaKey": false,
              "repeat": true,
              "returnValue": true,
              "shiftKey": false,
              "target": "textarea#textarea.undefined",
              "timeStamp": 98110053.67,
              "localTimeStamp": 1490556021807,
              "type": "keydown",
              "which": 8
            },
            {
              "altKey": false,
              "bubbles": true,
              "cancelBubble": false,
              "cancelable": true,
              "charCode": 0,
              "code": "Backspace",
              "composed": true,
              "ctrlKey": false,
              "defaultPrevented": false,
              "detail": 0,
              "eventPhase": 3,
              "isComposing": false,
              "isTrusted": true,
              "key": "Backspace",
              "keyCode": 8,
              "location": 0,
              "metaKey": false,
              "repeat": true,
              "returnValue": true,
              "shiftKey": false,
              "target": "textarea#textarea.undefined",
              "timeStamp": 98110137.535,
              "localTimeStamp": 1490556021890,
              "type": "keydown",
              "which": 8
            },
            {
              "altKey": false,
              "bubbles": true,
              "cancelBubble": false,
              "cancelable": true,
              "charCode": 0,
              "code": "Backspace",
              "composed": true,
              "ctrlKey": false,
              "defaultPrevented": false,
              "detail": 0,
              "eventPhase": 3,
              "isComposing": false,
              "isTrusted": true,
              "key": "Backspace",
              "keyCode": 8,
              "location": 0,
              "metaKey": false,
              "repeat": true,
              "returnValue": true,
              "shiftKey": false,
              "target": "textarea#textarea.undefined",
              "timeStamp": 98110223.98,
              "localTimeStamp": 1490556021977,
              "type": "keydown",
              "which": 8
            },
            {
              "altKey": false,
              "bubbles": true,
              "cancelBubble": false,
              "cancelable": true,
              "charCode": 0,
              "code": "Backspace",
              "composed": true,
              "ctrlKey": false,
              "defaultPrevented": false,
              "detail": 0,
              "eventPhase": 3,
              "isComposing": false,
              "isTrusted": true,
              "key": "Backspace",
              "keyCode": 8,
              "location": 0,
              "metaKey": false,
              "repeat": true,
              "returnValue": true,
              "shiftKey": false,
              "target": "textarea#textarea.undefined",
              "timeStamp": 98110312.22000001,
              "localTimeStamp": 1490556022065,
              "type": "keydown",
              "which": 8
            },
            {
              "altKey": false,
              "bubbles": true,
              "cancelBubble": false,
              "cancelable": true,
              "charCode": 0,
              "code": "Backspace",
              "composed": true,
              "ctrlKey": false,
              "defaultPrevented": false,
              "detail": 0,
              "eventPhase": 3,
              "isComposing": false,
              "isTrusted": true,
              "key": "Backspace",
              "keyCode": 8,
              "location": 0,
              "metaKey": false,
              "repeat": true,
              "returnValue": true,
              "shiftKey": false,
              "target": "textarea#textarea.undefined",
              "timeStamp": 98110395.72000001,
              "localTimeStamp": 1490556022149,
              "type": "keydown",
              "which": 8
            },
            {
              "altKey": false,
              "bubbles": true,
              "cancelBubble": false,
              "cancelable": true,
              "charCode": 0,
              "code": "Backspace",
              "composed": true,
              "ctrlKey": false,
              "defaultPrevented": false,
              "detail": 0,
              "eventPhase": 3,
              "isComposing": false,
              "isTrusted": true,
              "key": "Backspace",
              "keyCode": 8,
              "location": 0,
              "metaKey": false,
              "repeat": true,
              "returnValue": true,
              "shiftKey": false,
              "target": "textarea#textarea.undefined",
              "timeStamp": 98110480.685,
              "localTimeStamp": 1490556022234,
              "type": "keydown",
              "which": 8
            }
          ]
        },
        "Release": {
          "altKey": false,
          "bubbles": true,
          "cancelBubble": false,
          "cancelable": true,
          "charCode": 0,
          "code": "Backspace",
          "composed": true,
          "ctrlKey": false,
          "defaultPrevented": false,
          "detail": 0,
          "eventPhase": 3,
          "isComposing": false,
          "isTrusted": true,
          "key": "Backspace",
          "keyCode": 8,
          "location": 0,
          "metaKey": false,
          "repeat": false,
          "returnValue": true,
          "shiftKey": false,
          "target": "textarea#textarea.undefined",
          "timeStamp": 98110494.92000002,
          "localTimeStamp": 1490556022248,
          "type": "keyup",
          "which": 8
        }
      },
      "wrongKeyPair": true
    }
  ],
  "p6": []
}