{
  "count": {
    "Backspace-Backspace": 7,
    "Shift-ShiftRight": 1
  },
  "p1": [],
  "p2": [],
  "p3": [
    {
      "code": "Backspace-Backspace",
      "Press": 5798641.4350000005,
      "Release": 5799395.485000001,
      "allData": {
        "Press": {
          "altKey": false,
          "bubbles": true,
          "cancelBubble": false,
          "cancelable": true,
          "charCode": 0,
          "code": "Backspace",
          "composed": true,
          "ctrlKey": false,
          "defaultPrevented": false,
          "detail": 0,
          "eventPhase": 3,
          "isComposing": false,
          "isTrusted": true,
          "key": "Backspace",
          "keyCode": 8,
          "location": 0,
          "metaKey": false,
          "repeat": false,
          "returnValue": true,
          "shiftKey": false,
          "target": "textarea#textarea.undefined",
          "timeStamp": 5798641.4350000005,
          "localTimeStamp": 1490305122879,
          "type": "keydown",
          "which": 8,
          "pairedEvents": [
            {
              "altKey": false,
              "bubbles": true,
              "cancelBubble": false,
              "cancelable": true,
              "charCode": 0,
              "code": "Backspace",
              "composed": true,
              "ctrlKey": false,
              "defaultPrevented": false,
              "detail": 0,
              "eventPhase": 3,
              "isComposing": false,
              "isTrusted": true,
              "key": "Backspace",
              "keyCode": 8,
              "location": 0,
              "metaKey": false,
              "repeat": true,
              "returnValue": true,
              "shiftKey": false,
              "target": "textarea#textarea.undefined",
              "timeStamp": 5799128.245000001,
              "localTimeStamp": 1490305123364,
              "type": "keydown",
              "which": 8
            },
            {
              "altKey": false,
              "bubbles": true,
              "cancelBubble": false,
              "cancelable": true,
              "charCode": 0,
              "code": "Backspace",
              "composed": true,
              "ctrlKey": false,
              "defaultPrevented": false,
              "detail": 0,
              "eventPhase": 3,
              "isComposing": false,
              "isTrusted": true,
              "key": "Backspace",
              "keyCode": 8,
              "location": 0,
              "metaKey": false,
              "repeat": true,
              "returnValue": true,
              "shiftKey": false,
              "target": "textarea#textarea.undefined",
              "timeStamp": 5799157.065,
              "localTimeStamp": 1490305123406,
              "type": "keydown",
              "which": 8
            },
            {
              "altKey": false,
              "bubbles": true,
              "cancelBubble": false,
              "cancelable": true,
              "charCode": 0,
              "code": "Backspace",
              "composed": true,
              "ctrlKey": false,
              "defaultPrevented": false,
              "detail": 0,
              "eventPhase": 3,
              "isComposing": false,
              "isTrusted": true,
              "key": "Backspace",
              "keyCode": 8,
              "location": 0,
              "metaKey": false,
              "repeat": true,
              "returnValue": true,
              "shiftKey": false,
              "target": "textarea#textarea.undefined",
              "timeStamp": 5799188.260000001,
              "localTimeStamp": 1490305123439,
              "type": "keydown",
              "which": 8
            },
            {
              "altKey": false,
              "bubbles": true,
              "cancelBubble": false,
              "cancelable": true,
              "charCode": 0,
              "code": "Backspace",
              "composed": true,
              "ctrlKey": false,
              "defaultPrevented": false,
              "detail": 0,
              "eventPhase": 3,
              "isComposing": false,
              "isTrusted": true,
              "key": "Backspace",
              "keyCode": 8,
              "location": 0,
              "metaKey": false,
              "repeat": true,
              "returnValue": true,
              "shiftKey": false,
              "target": "textarea#textarea.undefined",
              "timeStamp": 5799217.34,
              "localTimeStamp": 1490305123467,
              "type": "keydown",
              "which": 8
            },
            {
              "altKey": false,
              "bubbles": true,
              "cancelBubble": false,
              "cancelable": true,
              "charCode": 0,
              "code": "Backspace",
              "composed": true,
              "ctrlKey": false,
              "defaultPrevented": false,
              "detail": 0,
              "eventPhase": 3,
              "isComposing": false,
              "isTrusted": true,
              "key": "Backspace",
              "keyCode": 8,
              "location": 0,
              "metaKey": false,
              "repeat": true,
              "returnValue": true,
              "shiftKey": false,
              "target": "textarea#textarea.undefined",
              "timeStamp": 5799247.225,
              "localTimeStamp": 1490305123496,
              "type": "keydown",
              "which": 8
            },
            {
              "altKey": false,
              "bubbles": true,
              "cancelBubble": false,
              "cancelable": true,
              "charCode": 0,
              "code": "Backspace",
              "composed": true,
              "ctrlKey": false,
              "defaultPrevented": false,
              "detail": 0,
              "eventPhase": 3,
              "isComposing": false,
              "isTrusted": true,
              "key": "Backspace",
              "keyCode": 8,
              "location": 0,
              "metaKey": false,
              "repeat": true,
              "returnValue": true,
              "shiftKey": false,
              "target": "textarea#textarea.undefined",
              "timeStamp": 5799276.030000001,
              "localTimeStamp": 1490305123524,
              "type": "keydown",
              "which": 8
            },
            {
              "altKey": false,
              "bubbles": true,
              "cancelBubble": false,
              "cancelable": true,
              "charCode": 0,
              "code": "Backspace",
              "composed": true,
              "ctrlKey": false,
              "defaultPrevented": false,
              "detail": 0,
              "eventPhase": 3,
              "isComposing": false,
              "isTrusted": true,
              "key": "Backspace",
              "keyCode": 8,
              "location": 0,
              "metaKey": false,
              "repeat": true,
              "returnValue": true,
              "shiftKey": false,
              "target": "textarea#textarea.undefined",
              "timeStamp": 5799305.265000001,
              "localTimeStamp": 1490305123553,
              "type": "keydown",
              "which": 8
            },
            {
              "altKey": false,
              "bubbles": true,
              "cancelBubble": false,
              "cancelable": true,
              "charCode": 0,
              "code": "Backspace",
              "composed": true,
              "ctrlKey": false,
              "defaultPrevented": false,
              "detail": 0,
              "eventPhase": 3,
              "isComposing": false,
              "isTrusted": true,
              "key": "Backspace",
              "keyCode": 8,
              "location": 0,
              "metaKey": false,
              "repeat": true,
              "returnValue": true,
              "shiftKey": false,
              "target": "textarea#textarea.undefined",
              "timeStamp": 5799335.755,
              "localTimeStamp": 1490305123586,
              "type": "keydown",
              "which": 8
            },
            {
              "altKey": false,
              "bubbles": true,
              "cancelBubble": false,
              "cancelable": true,
              "charCode": 0,
              "code": "Backspace",
              "composed": true,
              "ctrlKey": false,
              "defaultPrevented": false,
              "detail": 0,
              "eventPhase": 3,
              "isComposing": false,
              "isTrusted": true,
              "key": "Backspace",
              "keyCode": 8,
              "location": 0,
              "metaKey": false,
              "repeat": true,
              "returnValue": true,
              "shiftKey": false,
              "target": "textarea#textarea.undefined",
              "timeStamp": 5799365.7700000005,
              "localTimeStamp": 1490305123615,
              "type": "keydown",
              "which": 8
            },
            {
              "altKey": false,
              "bubbles": true,
              "cancelBubble": false,
              "cancelable": true,
              "charCode": 0,
              "code": "Backspace",
              "composed": true,
              "ctrlKey": false,
              "defaultPrevented": false,
              "detail": 0,
              "eventPhase": 3,
              "isComposing": false,
              "isTrusted": true,
              "key": "Backspace",
              "keyCode": 8,
              "location": 0,
              "metaKey": false,
              "repeat": true,
              "returnValue": true,
              "shiftKey": false,
              "target": "textarea#textarea.undefined",
              "timeStamp": 5799394.300000001,
              "localTimeStamp": 1490305123645,
              "type": "keydown",
              "which": 8
            }
          ]
        },
        "Release": {
          "altKey": false,
          "bubbles": true,
          "cancelBubble": false,
          "cancelable": true,
          "charCode": 0,
          "code": "Backspace",
          "composed": true,
          "ctrlKey": false,
          "defaultPrevented": false,
          "detail": 0,
          "eventPhase": 3,
          "isComposing": false,
          "isTrusted": true,
          "key": "Backspace",
          "keyCode": 8,
          "location": 0,
          "metaKey": false,
          "repeat": false,
          "returnValue": true,
          "shiftKey": false,
          "target": "textarea#textarea.undefined",
          "timeStamp": 5799395.485000001,
          "localTimeStamp": 1490305123647,
          "type": "keyup",
          "which": 8
        }
      },
      "wrongKeyPair": true
    }
  ],
  "p4": [
    {
      "code": "Backspace-Backspace",
      "Press": 5372584.680000001,
      "Release": 5373189.095000001,
      "allData": {
        "Press": {
          "altKey": false,
          "bubbles": true,
          "cancelBubble": false,
          "cancelable": true,
          "charCode": 0,
          "code": "Backspace",
          "composed": true,
          "ctrlKey": false,
          "defaultPrevented": false,
          "detail": 0,
          "eventPhase": 3,
          "isComposing": false,
          "isTrusted": true,
          "key": "Backspace",
          "keyCode": 8,
          "location": 0,
          "metaKey": false,
          "repeat": false,
          "returnValue": true,
          "shiftKey": false,
          "target": "textarea#textarea.undefined",
          "timeStamp": 5372584.680000001,
          "localTimeStamp": 1490304696827,
          "type": "keydown",
          "which": 8,
          "pairedEvents": [
            {
              "altKey": false,
              "bubbles": true,
              "cancelBubble": false,
              "cancelable": true,
              "charCode": 0,
              "code": "Backspace",
              "composed": true,
              "ctrlKey": false,
              "defaultPrevented": false,
              "detail": 0,
              "eventPhase": 3,
              "isComposing": false,
              "isTrusted": true,
              "key": "Backspace",
              "keyCode": 8,
              "location": 0,
              "metaKey": false,
              "repeat": true,
              "returnValue": true,
              "shiftKey": false,
              "target": "textarea#textarea.undefined",
              "timeStamp": 5373071.870000001,
              "localTimeStamp": 1490304697318,
              "type": "keydown",
              "which": 8
            },
            {
              "altKey": false,
              "bubbles": true,
              "cancelBubble": false,
              "cancelable": true,
              "charCode": 0,
              "code": "Backspace",
              "composed": true,
              "ctrlKey": false,
              "defaultPrevented": false,
              "detail": 0,
              "eventPhase": 3,
              "isComposing": false,
              "isTrusted": true,
              "key": "Backspace",
              "keyCode": 8,
              "location": 0,
              "metaKey": false,
              "repeat": true,
              "returnValue": true,
              "shiftKey": false,
              "target": "textarea#textarea.undefined",
              "timeStamp": 5373099.205,
              "localTimeStamp": 1490304697350,
              "type": "keydown",
              "which": 8
            },
            {
              "altKey": false,
              "bubbles": true,
              "cancelBubble": false,
              "cancelable": true,
              "charCode": 0,
              "code": "Backspace",
              "composed": true,
              "ctrlKey": false,
              "defaultPrevented": false,
              "detail": 0,
              "eventPhase": 3,
              "isComposing": false,
              "isTrusted": true,
              "key": "Backspace",
              "keyCode": 8,
              "location": 0,
              "metaKey": false,
              "repeat": true,
              "returnValue": true,
              "shiftKey": false,
              "target": "textarea#textarea.undefined",
              "timeStamp": 5373129.68,
              "localTimeStamp": 1490304697380,
              "type": "keydown",
              "which": 8
            },
            {
              "altKey": false,
              "bubbles": true,
              "cancelBubble": false,
              "cancelable": true,
              "charCode": 0,
              "code": "Backspace",
              "composed": true,
              "ctrlKey": false,
              "defaultPrevented": false,
              "detail": 0,
              "eventPhase": 3,
              "isComposing": false,
              "isTrusted": true,
              "key": "Backspace",
              "keyCode": 8,
              "location": 0,
              "metaKey": false,
              "repeat": true,
              "returnValue": true,
              "shiftKey": false,
              "target": "textarea#textarea.undefined",
              "timeStamp": 5373159.8950000005,
              "localTimeStamp": 1490304697411,
              "type": "keydown",
              "which": 8
            }
          ]
        },
        "Release": {
          "altKey": false,
          "bubbles": true,
          "cancelBubble": false,
          "cancelable": true,
          "charCode": 0,
          "code": "Backspace",
          "composed": true,
          "ctrlKey": false,
          "defaultPrevented": false,
          "detail": 0,
          "eventPhase": 3,
          "isComposing": false,
          "isTrusted": true,
          "key": "Backspace",
          "keyCode": 8,
          "location": 0,
          "metaKey": false,
          "repeat": false,
          "returnValue": true,
          "shiftKey": false,
          "target": "textarea#textarea.undefined",
          "timeStamp": 5373189.095000001,
          "localTimeStamp": 1490304697438,
          "type": "keyup",
          "which": 8
        }
      },
      "wrongKeyPair": true
    },
    {
      "code": "Backspace-Backspace",
      "Press": 5503446.205,
      "Release": 5504288.88,
      "allData": {
        "Press": {
          "altKey": false,
          "bubbles": true,
          "cancelBubble": false,
          "cancelable": true,
          "charCode": 0,
          "code": "Backspace",
          "composed": true,
          "ctrlKey": false,
          "defaultPrevented": false,
          "detail": 0,
          "eventPhase": 3,
          "isComposing": false,
          "isTrusted": true,
          "key": "Backspace",
          "keyCode": 8,
          "location": 0,
          "metaKey": false,
          "repeat": false,
          "returnValue": true,
          "shiftKey": false,
          "target": "textarea#textarea.undefined",
          "timeStamp": 5503446.205,
          "localTimeStamp": 1490304827688,
          "type": "keydown",
          "which": 8,
          "pairedEvents": [
            {
              "altKey": false,
              "bubbles": true,
              "cancelBubble": false,
              "cancelable": true,
              "charCode": 0,
              "code": "Backspace",
              "composed": true,
              "ctrlKey": false,
              "defaultPrevented": false,
              "detail": 0,
              "eventPhase": 3,
              "isComposing": false,
              "isTrusted": true,
              "key": "Backspace",
              "keyCode": 8,
              "location": 0,
              "metaKey": false,
              "repeat": true,
              "returnValue": true,
              "shiftKey": false,
              "target": "textarea#textarea.undefined",
              "timeStamp": 5503934.180000001,
              "localTimeStamp": 1490304828174,
              "type": "keydown",
              "which": 8
            },
            {
              "altKey": false,
              "bubbles": true,
              "cancelBubble": false,
              "cancelable": true,
              "charCode": 0,
              "code": "Backspace",
              "composed": true,
              "ctrlKey": false,
              "defaultPrevented": false,
              "detail": 0,
              "eventPhase": 3,
              "isComposing": false,
              "isTrusted": true,
              "key": "Backspace",
              "keyCode": 8,
              "location": 0,
              "metaKey": false,
              "repeat": true,
              "returnValue": true,
              "shiftKey": false,
              "target": "textarea#textarea.undefined",
              "timeStamp": 5503962.920000001,
              "localTimeStamp": 1490304828211,
              "type": "keydown",
              "which": 8
            },
            {
              "altKey": false,
              "bubbles": true,
              "cancelBubble": false,
              "cancelable": true,
              "charCode": 0,
              "code": "Backspace",
              "composed": true,
              "ctrlKey": false,
              "defaultPrevented": false,
              "detail": 0,
              "eventPhase": 3,
              "isComposing": false,
              "isTrusted": true,
              "key": "Backspace",
              "keyCode": 8,
              "location": 0,
              "metaKey": false,
              "repeat": true,
              "returnValue": true,
              "shiftKey": false,
              "target": "textarea#textarea.undefined",
              "timeStamp": 5503992.715,
              "localTimeStamp": 1490304828243,
              "type": "keydown",
              "which": 8
            },
            {
              "altKey": false,
              "bubbles": true,
              "cancelBubble": false,
              "cancelable": true,
              "charCode": 0,
              "code": "Backspace",
              "composed": true,
              "ctrlKey": false,
              "defaultPrevented": false,
              "detail": 0,
              "eventPhase": 3,
              "isComposing": false,
              "isTrusted": true,
              "key": "Backspace",
              "keyCode": 8,
              "location": 0,
              "metaKey": false,
              "repeat": true,
              "returnValue": true,
              "shiftKey": false,
              "target": "textarea#textarea.undefined",
              "timeStamp": 5504022.485,
              "localTimeStamp": 1490304828271,
              "type": "keydown",
              "which": 8
            },
            {
              "altKey": false,
              "bubbles": true,
              "cancelBubble": false,
              "cancelable": true,
              "charCode": 0,
              "code": "Backspace",
              "composed": true,
              "ctrlKey": false,
              "defaultPrevented": false,
              "detail": 0,
              "eventPhase": 3,
              "isComposing": false,
              "isTrusted": true,
              "key": "Backspace",
              "keyCode": 8,
              "location": 0,
              "metaKey": false,
              "repeat": true,
              "returnValue": true,
              "shiftKey": false,
              "target": "textarea#textarea.undefined",
              "timeStamp": 5504052.010000001,
              "localTimeStamp": 1490304828302,
              "type": "keydown",
              "which": 8
            },
            {
              "altKey": false,
              "bubbles": true,
              "cancelBubble": false,
              "cancelable": true,
              "charCode": 0,
              "code": "Backspace",
              "composed": true,
              "ctrlKey": false,
              "defaultPrevented": false,
              "detail": 0,
              "eventPhase": 3,
              "isComposing": false,
              "isTrusted": true,
              "key": "Backspace",
              "keyCode": 8,
              "location": 0,
              "metaKey": false,
              "repeat": true,
              "returnValue": true,
              "shiftKey": false,
              "target": "textarea#textarea.undefined",
              "timeStamp": 5504081.605,
              "localTimeStamp": 1490304828330,
              "type": "keydown",
              "which": 8
            },
            {
              "altKey": false,
              "bubbles": true,
              "cancelBubble": false,
              "cancelable": true,
              "charCode": 0,
              "code": "Backspace",
              "composed": true,
              "ctrlKey": false,
              "defaultPrevented": false,
              "detail": 0,
              "eventPhase": 3,
              "isComposing": false,
              "isTrusted": true,
              "key": "Backspace",
              "keyCode": 8,
              "location": 0,
              "metaKey": false,
              "repeat": true,
              "returnValue": true,
              "shiftKey": false,
              "target": "textarea#textarea.undefined",
              "timeStamp": 5504109.87,
              "localTimeStamp": 1490304828358,
              "type": "keydown",
              "which": 8
            },
            {
              "altKey": false,
              "bubbles": true,
              "cancelBubble": false,
              "cancelable": true,
              "charCode": 0,
              "code": "Backspace",
              "composed": true,
              "ctrlKey": false,
              "defaultPrevented": false,
              "detail": 0,
              "eventPhase": 3,
              "isComposing": false,
              "isTrusted": true,
              "key": "Backspace",
              "keyCode": 8,
              "location": 0,
              "metaKey": false,
              "repeat": true,
              "returnValue": true,
              "shiftKey": false,
              "target": "textarea#textarea.undefined",
              "timeStamp": 5504140.485000001,
              "localTimeStamp": 1490304828391,
              "type": "keydown",
              "which": 8
            },
            {
              "altKey": false,
              "bubbles": true,
              "cancelBubble": false,
              "cancelable": true,
              "charCode": 0,
              "code": "Backspace",
              "composed": true,
              "ctrlKey": false,
              "defaultPrevented": false,
              "detail": 0,
              "eventPhase": 3,
              "isComposing": false,
              "isTrusted": true,
              "key": "Backspace",
              "keyCode": 8,
              "location": 0,
              "metaKey": false,
              "repeat": true,
              "returnValue": true,
              "shiftKey": false,
              "target": "textarea#textarea.undefined",
              "timeStamp": 5504168.535000001,
              "localTimeStamp": 1490304828415,
              "type": "keydown",
              "which": 8
            },
            {
              "altKey": false,
              "bubbles": true,
              "cancelBubble": false,
              "cancelable": true,
              "charCode": 0,
              "code": "Backspace",
              "composed": true,
              "ctrlKey": false,
              "defaultPrevented": false,
              "detail": 0,
              "eventPhase": 3,
              "isComposing": false,
              "isTrusted": true,
              "key": "Backspace",
              "keyCode": 8,
              "location": 0,
              "metaKey": false,
              "repeat": true,
              "returnValue": true,
              "shiftKey": false,
              "target": "textarea#textarea.undefined",
              "timeStamp": 5504198.66,
              "localTimeStamp": 1490304828449,
              "type": "keydown",
              "which": 8
            },
            {
              "altKey": false,
              "bubbles": true,
              "cancelBubble": false,
              "cancelable": true,
              "charCode": 0,
              "code": "Backspace",
              "composed": true,
              "ctrlKey": false,
              "defaultPrevented": false,
              "detail": 0,
              "eventPhase": 3,
              "isComposing": false,
              "isTrusted": true,
              "key": "Backspace",
              "keyCode": 8,
              "location": 0,
              "metaKey": false,
              "repeat": true,
              "returnValue": true,
              "shiftKey": false,
              "target": "textarea#textarea.undefined",
              "timeStamp": 5504228.805000001,
              "localTimeStamp": 1490304828480,
              "type": "keydown",
              "which": 8
            },
            {
              "altKey": false,
              "bubbles": true,
              "cancelBubble": false,
              "cancelable": true,
              "charCode": 0,
              "code": "Backspace",
              "composed": true,
              "ctrlKey": false,
              "defaultPrevented": false,
              "detail": 0,
              "eventPhase": 3,
              "isComposing": false,
              "isTrusted": true,
              "key": "Backspace",
              "keyCode": 8,
              "location": 0,
              "metaKey": false,
              "repeat": true,
              "returnValue": true,
              "shiftKey": false,
              "target": "textarea#textarea.undefined",
              "timeStamp": 5504257.57,
              "localTimeStamp": 1490304828505,
              "type": "keydown",
              "which": 8
            },
            {
              "altKey": false,
              "bubbles": true,
              "cancelBubble": false,
              "cancelable": true,
              "charCode": 0,
              "code": "Backspace",
              "composed": true,
              "ctrlKey": false,
              "defaultPrevented": false,
              "detail": 0,
              "eventPhase": 3,
              "isComposing": false,
              "isTrusted": true,
              "key": "Backspace",
              "keyCode": 8,
              "location": 0,
              "metaKey": false,
              "repeat": true,
              "returnValue": true,
              "shiftKey": false,
              "target": "textarea#textarea.undefined",
              "timeStamp": 5504287.710000001,
              "localTimeStamp": 1490304828537,
              "type": "keydown",
              "which": 8
            }
          ]
        },
        "Release": {
          "altKey": false,
          "bubbles": true,
          "cancelBubble": false,
          "cancelable": true,
          "charCode": 0,
          "code": "Backspace",
          "composed": true,
          "ctrlKey": false,
          "defaultPrevented": false,
          "detail": 0,
          "eventPhase": 3,
          "isComposing": false,
          "isTrusted": true,
          "key": "Backspace",
          "keyCode": 8,
          "location": 0,
          "metaKey": false,
          "repeat": false,
          "returnValue": true,
          "shiftKey": false,
          "target": "textarea#textarea.undefined",
          "timeStamp": 5504288.88,
          "localTimeStamp": 1490304828537,
          "type": "keyup",
          "which": 8
        }
      },
      "wrongKeyPair": true
    },
    {
      "code": "Backspace-Backspace",
      "Press": 5533001.6850000005,
      "Release": 5533582.19,
      "allData": {
        "Press": {
          "altKey": false,
          "bubbles": true,
          "cancelBubble": false,
          "cancelable": true,
          "charCode": 0,
          "code": "Backspace",
          "composed": true,
          "ctrlKey": false,
          "defaultPrevented": false,
          "detail": 0,
          "eventPhase": 3,
          "isComposing": false,
          "isTrusted": true,
          "key": "Backspace",
          "keyCode": 8,
          "location": 0,
          "metaKey": false,
          "repeat": false,
          "returnValue": true,
          "shiftKey": false,
          "target": "textarea#textarea.undefined",
          "timeStamp": 5533001.6850000005,
          "localTimeStamp": 1490304857245,
          "type": "keydown",
          "which": 8,
          "pairedEvents": [
            {
              "altKey": false,
              "bubbles": true,
              "cancelBubble": false,
              "cancelable": true,
              "charCode": 0,
              "code": "Backspace",
              "composed": true,
              "ctrlKey": false,
              "defaultPrevented": false,
              "detail": 0,
              "eventPhase": 3,
              "isComposing": false,
              "isTrusted": true,
              "key": "Backspace",
              "keyCode": 8,
              "location": 0,
              "metaKey": false,
              "repeat": true,
              "returnValue": true,
              "shiftKey": false,
              "target": "textarea#textarea.undefined",
              "timeStamp": 5533488.485,
              "localTimeStamp": 1490304857723,
              "type": "keydown",
              "which": 8
            },
            {
              "altKey": false,
              "bubbles": true,
              "cancelBubble": false,
              "cancelable": true,
              "charCode": 0,
              "code": "Backspace",
              "composed": true,
              "ctrlKey": false,
              "defaultPrevented": false,
              "detail": 0,
              "eventPhase": 3,
              "isComposing": false,
              "isTrusted": true,
              "key": "Backspace",
              "keyCode": 8,
              "location": 0,
              "metaKey": false,
              "repeat": true,
              "returnValue": true,
              "shiftKey": false,
              "target": "textarea#textarea.undefined",
              "timeStamp": 5533517.45,
              "localTimeStamp": 1490304857767,
              "type": "keydown",
              "which": 8
            },
            {
              "altKey": false,
              "bubbles": true,
              "cancelBubble": false,
              "cancelable": true,
              "charCode": 0,
              "code": "Backspace",
              "composed": true,
              "ctrlKey": false,
              "defaultPrevented": false,
              "detail": 0,
              "eventPhase": 3,
              "isComposing": false,
              "isTrusted": true,
              "key": "Backspace",
              "keyCode": 8,
              "location": 0,
              "metaKey": false,
              "repeat": true,
              "returnValue": true,
              "shiftKey": false,
              "target": "textarea#textarea.undefined",
              "timeStamp": 5533547.69,
              "localTimeStamp": 1490304857793,
              "type": "keydown",
              "which": 8
            },
            {
              "altKey": false,
              "bubbles": true,
              "cancelBubble": false,
              "cancelable": true,
              "charCode": 0,
              "code": "Backspace",
              "composed": true,
              "ctrlKey": false,
              "defaultPrevented": false,
              "detail": 0,
              "eventPhase": 3,
              "isComposing": false,
              "isTrusted": true,
              "key": "Backspace",
              "keyCode": 8,
              "location": 0,
              "metaKey": false,
              "repeat": true,
              "returnValue": true,
              "shiftKey": false,
              "target": "textarea#textarea.undefined",
              "timeStamp": 5533575.515000001,
              "localTimeStamp": 1490304857823,
              "type": "keydown",
              "which": 8
            }
          ]
        },
        "Release": {
          "altKey": false,
          "bubbles": true,
          "cancelBubble": false,
          "cancelable": true,
          "charCode": 0,
          "code": "Backspace",
          "composed": true,
          "ctrlKey": false,
          "defaultPrevented": false,
          "detail": 0,
          "eventPhase": 3,
          "isComposing": false,
          "isTrusted": true,
          "key": "Backspace",
          "keyCode": 8,
          "location": 0,
          "metaKey": false,
          "repeat": false,
          "returnValue": true,
          "shiftKey": false,
          "target": "textarea#textarea.undefined",
          "timeStamp": 5533582.19,
          "localTimeStamp": 1490304857832,
          "type": "keyup",
          "which": 8
        }
      },
      "wrongKeyPair": true
    },
    {
      "code": "Backspace-Backspace",
      "Press": 5555255.9,
      "Release": 5555855.7,
      "allData": {
        "Press": {
          "altKey": false,
          "bubbles": true,
          "cancelBubble": false,
          "cancelable": true,
          "charCode": 0,
          "code": "Backspace",
          "composed": true,
          "ctrlKey": false,
          "defaultPrevented": false,
          "detail": 0,
          "eventPhase": 3,
          "isComposing": false,
          "isTrusted": true,
          "key": "Backspace",
          "keyCode": 8,
          "location": 0,
          "metaKey": false,
          "repeat": false,
          "returnValue": true,
          "shiftKey": false,
          "target": "textarea#textarea.undefined",
          "timeStamp": 5555255.9,
          "localTimeStamp": 1490304879502,
          "type": "keydown",
          "which": 8,
          "pairedEvents": [
            {
              "altKey": false,
              "bubbles": true,
              "cancelBubble": false,
              "cancelable": true,
              "charCode": 0,
              "code": "Backspace",
              "composed": true,
              "ctrlKey": false,
              "defaultPrevented": false,
              "detail": 0,
              "eventPhase": 3,
              "isComposing": false,
              "isTrusted": true,
              "key": "Backspace",
              "keyCode": 8,
              "location": 0,
              "metaKey": false,
              "repeat": true,
              "returnValue": true,
              "shiftKey": false,
              "target": "textarea#textarea.undefined",
              "timeStamp": 5555744.09,
              "localTimeStamp": 1490304879980,
              "type": "keydown",
              "which": 8
            },
            {
              "altKey": false,
              "bubbles": true,
              "cancelBubble": false,
              "cancelable": true,
              "charCode": 0,
              "code": "Backspace",
              "composed": true,
              "ctrlKey": false,
              "defaultPrevented": false,
              "detail": 0,
              "eventPhase": 3,
              "isComposing": false,
              "isTrusted": true,
              "key": "Backspace",
              "keyCode": 8,
              "location": 0,
              "metaKey": false,
              "repeat": true,
              "returnValue": true,
              "shiftKey": false,
              "target": "textarea#textarea.undefined",
              "timeStamp": 5555774.265,
              "localTimeStamp": 1490304880024,
              "type": "keydown",
              "which": 8
            },
            {
              "altKey": false,
              "bubbles": true,
              "cancelBubble": false,
              "cancelable": true,
              "charCode": 0,
              "code": "Backspace",
              "composed": true,
              "ctrlKey": false,
              "defaultPrevented": false,
              "detail": 0,
              "eventPhase": 3,
              "isComposing": false,
              "isTrusted": true,
              "key": "Backspace",
              "keyCode": 8,
              "location": 0,
              "metaKey": false,
              "repeat": true,
              "returnValue": true,
              "shiftKey": false,
              "target": "textarea#textarea.undefined",
              "timeStamp": 5555804.495,
              "localTimeStamp": 1490304880053,
              "type": "keydown",
              "which": 8
            },
            {
              "altKey": false,
              "bubbles": true,
              "cancelBubble": false,
              "cancelable": true,
              "charCode": 0,
              "code": "Backspace",
              "composed": true,
              "ctrlKey": false,
              "defaultPrevented": false,
              "detail": 0,
              "eventPhase": 3,
              "isComposing": false,
              "isTrusted": true,
              "key": "Backspace",
              "keyCode": 8,
              "location": 0,
              "metaKey": false,
              "repeat": true,
              "returnValue": true,
              "shiftKey": false,
              "target": "textarea#textarea.undefined",
              "timeStamp": 5555833.58,
              "localTimeStamp": 1490304880081,
              "type": "keydown",
              "which": 8
            }
          ]
        },
        "Release": {
          "altKey": false,
          "bubbles": true,
          "cancelBubble": false,
          "cancelable": true,
          "charCode": 0,
          "code": "Backspace",
          "composed": true,
          "ctrlKey": false,
          "defaultPrevented": false,
          "detail": 0,
          "eventPhase": 3,
          "isComposing": false,
          "isTrusted": true,
          "key": "Backspace",
          "keyCode": 8,
          "location": 0,
          "metaKey": false,
          "repeat": false,
          "returnValue": true,
          "shiftKey": false,
          "target": "textarea#textarea.undefined",
          "timeStamp": 5555855.7,
          "localTimeStamp": 1490304880105,
          "type": "keyup",
          "which": 8
        }
      },
      "wrongKeyPair": true
    }
  ],
  "p5": [
    {
      "code": "Backspace-Backspace",
      "Press": 6883172.390000001,
      "Release": 6883943.53,
      "allData": {
        "Press": {
          "altKey": false,
          "bubbles": true,
          "cancelBubble": false,
          "cancelable": true,
          "charCode": 0,
          "code": "Backspace",
          "composed": true,
          "ctrlKey": false,
          "defaultPrevented": false,
          "detail": 0,
          "eventPhase": 3,
          "isComposing": false,
          "isTrusted": true,
          "key": "Backspace",
          "keyCode": 8,
          "location": 0,
          "metaKey": false,
          "repeat": false,
          "returnValue": true,
          "shiftKey": false,
          "target": "textarea#textarea.undefined",
          "timeStamp": 6883172.390000001,
          "localTimeStamp": 1490306207414,
          "type": "keydown",
          "which": 8,
          "pairedEvents": [
            {
              "altKey": false,
              "bubbles": true,
              "cancelBubble": false,
              "cancelable": true,
              "charCode": 0,
              "code": "Backspace",
              "composed": true,
              "ctrlKey": false,
              "defaultPrevented": false,
              "detail": 0,
              "eventPhase": 3,
              "isComposing": false,
              "isTrusted": true,
              "key": "Backspace",
              "keyCode": 8,
              "location": 0,
              "metaKey": false,
              "repeat": true,
              "returnValue": true,
              "shiftKey": false,
              "target": "textarea#textarea.undefined",
              "timeStamp": 6883658.26,
              "localTimeStamp": 1490306207904,
              "type": "keydown",
              "which": 8
            },
            {
              "altKey": false,
              "bubbles": true,
              "cancelBubble": false,
              "cancelable": true,
              "charCode": 0,
              "code": "Backspace",
              "composed": true,
              "ctrlKey": false,
              "defaultPrevented": false,
              "detail": 0,
              "eventPhase": 3,
              "isComposing": false,
              "isTrusted": true,
              "key": "Backspace",
              "keyCode": 8,
              "location": 0,
              "metaKey": false,
              "repeat": true,
              "returnValue": true,
              "shiftKey": false,
              "target": "textarea#textarea.undefined",
              "timeStamp": 6883688.370000001,
              "localTimeStamp": 1490306207936,
              "type": "keydown",
              "which": 8
            },
            {
              "altKey": false,
              "bubbles": true,
              "cancelBubble": false,
              "cancelable": true,
              "charCode": 0,
              "code": "Backspace",
              "composed": true,
              "ctrlKey": false,
              "defaultPrevented": false,
              "detail": 0,
              "eventPhase": 3,
              "isComposing": false,
              "isTrusted": true,
              "key": "Backspace",
              "keyCode": 8,
              "location": 0,
              "metaKey": false,
              "repeat": true,
              "returnValue": true,
              "shiftKey": false,
              "target": "textarea#textarea.undefined",
              "timeStamp": 6883716.205000001,
              "localTimeStamp": 1490306207965,
              "type": "keydown",
              "which": 8
            },
            {
              "altKey": false,
              "bubbles": true,
              "cancelBubble": false,
              "cancelable": true,
              "charCode": 0,
              "code": "Backspace",
              "composed": true,
              "ctrlKey": false,
              "defaultPrevented": false,
              "detail": 0,
              "eventPhase": 3,
              "isComposing": false,
              "isTrusted": true,
              "key": "Backspace",
              "keyCode": 8,
              "location": 0,
              "metaKey": false,
              "repeat": true,
              "returnValue": true,
              "shiftKey": false,
              "target": "textarea#textarea.undefined",
              "timeStamp": 6883746.300000001,
              "localTimeStamp": 1490306207994,
              "type": "keydown",
              "which": 8
            },
            {
              "altKey": false,
              "bubbles": true,
              "cancelBubble": false,
              "cancelable": true,
              "charCode": 0,
              "code": "Backspace",
              "composed": true,
              "ctrlKey": false,
              "defaultPrevented": false,
              "detail": 0,
              "eventPhase": 3,
              "isComposing": false,
              "isTrusted": true,
              "key": "Backspace",
              "keyCode": 8,
              "location": 0,
              "metaKey": false,
              "repeat": true,
              "returnValue": true,
              "shiftKey": false,
              "target": "textarea#textarea.undefined",
              "timeStamp": 6883777.41,
              "localTimeStamp": 1490306208026,
              "type": "keydown",
              "which": 8
            },
            {
              "altKey": false,
              "bubbles": true,
              "cancelBubble": false,
              "cancelable": true,
              "charCode": 0,
              "code": "Backspace",
              "composed": true,
              "ctrlKey": false,
              "defaultPrevented": false,
              "detail": 0,
              "eventPhase": 3,
              "isComposing": false,
              "isTrusted": true,
              "key": "Backspace",
              "keyCode": 8,
              "location": 0,
              "metaKey": false,
              "repeat": true,
              "returnValue": true,
              "shiftKey": false,
              "target": "textarea#textarea.undefined",
              "timeStamp": 6883807.44,
              "localTimeStamp": 1490306208057,
              "type": "keydown",
              "which": 8
            },
            {
              "altKey": false,
              "bubbles": true,
              "cancelBubble": false,
              "cancelable": true,
              "charCode": 0,
              "code": "Backspace",
              "composed": true,
              "ctrlKey": false,
              "defaultPrevented": false,
              "detail": 0,
              "eventPhase": 3,
              "isComposing": false,
              "isTrusted": true,
              "key": "Backspace",
              "keyCode": 8,
              "location": 0,
              "metaKey": false,
              "repeat": true,
              "returnValue": true,
              "shiftKey": false,
              "target": "textarea#textarea.undefined",
              "timeStamp": 6883837.065,
              "localTimeStamp": 1490306208086,
              "type": "keydown",
              "which": 8
            },
            {
              "altKey": false,
              "bubbles": true,
              "cancelBubble": false,
              "cancelable": true,
              "charCode": 0,
              "code": "Backspace",
              "composed": true,
              "ctrlKey": false,
              "defaultPrevented": false,
              "detail": 0,
              "eventPhase": 3,
              "isComposing": false,
              "isTrusted": true,
              "key": "Backspace",
              "keyCode": 8,
              "location": 0,
              "metaKey": false,
              "repeat": true,
              "returnValue": true,
              "shiftKey": false,
              "target": "textarea#textarea.undefined",
              "timeStamp": 6883867.950000001,
              "localTimeStamp": 1490306208116,
              "type": "keydown",
              "which": 8
            },
            {
              "altKey": false,
              "bubbles": true,
              "cancelBubble": false,
              "cancelable": true,
              "charCode": 0,
              "code": "Backspace",
              "composed": true,
              "ctrlKey": false,
              "defaultPrevented": false,
              "detail": 0,
              "eventPhase": 3,
              "isComposing": false,
              "isTrusted": true,
              "key": "Backspace",
              "keyCode": 8,
              "location": 0,
              "metaKey": false,
              "repeat": true,
              "returnValue": true,
              "shiftKey": false,
              "target": "textarea#textarea.undefined",
              "timeStamp": 6883895.945,
              "localTimeStamp": 1490306208146,
              "type": "keydown",
              "which": 8
            },
            {
              "altKey": false,
              "bubbles": true,
              "cancelBubble": false,
              "cancelable": true,
              "charCode": 0,
              "code": "Backspace",
              "composed": true,
              "ctrlKey": false,
              "defaultPrevented": false,
              "detail": 0,
              "eventPhase": 3,
              "isComposing": false,
              "isTrusted": true,
              "key": "Backspace",
              "keyCode": 8,
              "location": 0,
              "metaKey": false,
              "repeat": true,
              "returnValue": true,
              "shiftKey": false,
              "target": "textarea#textarea.undefined",
              "timeStamp": 6883927.210000001,
              "localTimeStamp": 1490306208173,
              "type": "keydown",
              "which": 8
            }
          ]
        },
        "Release": {
          "altKey": false,
          "bubbles": true,
          "cancelBubble": false,
          "cancelable": true,
          "charCode": 0,
          "code": "Backspace",
          "composed": true,
          "ctrlKey": false,
          "defaultPrevented": false,
          "detail": 0,
          "eventPhase": 3,
          "isComposing": false,
          "isTrusted": true,
          "key": "Backspace",
          "keyCode": 8,
          "location": 0,
          "metaKey": false,
          "repeat": false,
          "returnValue": true,
          "shiftKey": false,
          "target": "textarea#textarea.undefined",
          "timeStamp": 6883943.53,
          "localTimeStamp": 1490306208193,
          "type": "keyup",
          "which": 8
        }
      },
      "wrongKeyPair": true
    },
    {
      "code": "Backspace-Backspace",
      "Press": 6884218.955,
      "Release": 6884836.165000001,
      "allData": {
        "Press": {
          "altKey": false,
          "bubbles": true,
          "cancelBubble": false,
          "cancelable": true,
          "charCode": 0,
          "code": "Backspace",
          "composed": true,
          "ctrlKey": false,
          "defaultPrevented": false,
          "detail": 0,
          "eventPhase": 3,
          "isComposing": false,
          "isTrusted": true,
          "key": "Backspace",
          "keyCode": 8,
          "location": 0,
          "metaKey": false,
          "repeat": false,
          "returnValue": true,
          "shiftKey": false,
          "target": "textarea#textarea.undefined",
          "timeStamp": 6884218.955,
          "localTimeStamp": 1490306208457,
          "type": "keydown",
          "which": 8,
          "pairedEvents": [
            {
              "altKey": false,
              "bubbles": true,
              "cancelBubble": false,
              "cancelable": true,
              "charCode": 0,
              "code": "Backspace",
              "composed": true,
              "ctrlKey": false,
              "defaultPrevented": false,
              "detail": 0,
              "eventPhase": 3,
              "isComposing": false,
              "isTrusted": true,
              "key": "Backspace",
              "keyCode": 8,
              "location": 0,
              "metaKey": false,
              "repeat": true,
              "returnValue": true,
              "shiftKey": false,
              "target": "textarea#textarea.undefined",
              "timeStamp": 6884705.46,
              "localTimeStamp": 1490306208955,
              "type": "keydown",
              "which": 8
            },
            {
              "altKey": false,
              "bubbles": true,
              "cancelBubble": false,
              "cancelable": true,
              "charCode": 0,
              "code": "Backspace",
              "composed": true,
              "ctrlKey": false,
              "defaultPrevented": false,
              "detail": 0,
              "eventPhase": 3,
              "isComposing": false,
              "isTrusted": true,
              "key": "Backspace",
              "keyCode": 8,
              "location": 0,
              "metaKey": false,
              "repeat": true,
              "returnValue": true,
              "shiftKey": false,
              "target": "textarea#textarea.undefined",
              "timeStamp": 6884735.87,
              "localTimeStamp": 1490306208983,
              "type": "keydown",
              "which": 8
            },
            {
              "altKey": false,
              "bubbles": true,
              "cancelBubble": false,
              "cancelable": true,
              "charCode": 0,
              "code": "Backspace",
              "composed": true,
              "ctrlKey": false,
              "defaultPrevented": false,
              "detail": 0,
              "eventPhase": 3,
              "isComposing": false,
              "isTrusted": true,
              "key": "Backspace",
              "keyCode": 8,
              "location": 0,
              "metaKey": false,
              "repeat": true,
              "returnValue": true,
              "shiftKey": false,
              "target": "textarea#textarea.undefined",
              "timeStamp": 6884765.390000001,
              "localTimeStamp": 1490306209015,
              "type": "keydown",
              "which": 8
            },
            {
              "altKey": false,
              "bubbles": true,
              "cancelBubble": false,
              "cancelable": true,
              "charCode": 0,
              "code": "Backspace",
              "composed": true,
              "ctrlKey": false,
              "defaultPrevented": false,
              "detail": 0,
              "eventPhase": 3,
              "isComposing": false,
              "isTrusted": true,
              "key": "Backspace",
              "keyCode": 8,
              "location": 0,
              "metaKey": false,
              "repeat": true,
              "returnValue": true,
              "shiftKey": false,
              "target": "textarea#textarea.undefined",
              "timeStamp": 6884795.785,
              "localTimeStamp": 1490306209046,
              "type": "keydown",
              "which": 8
            },
            {
              "altKey": false,
              "bubbles": true,
              "cancelBubble": false,
              "cancelable": true,
              "charCode": 0,
              "code": "Backspace",
              "composed": true,
              "ctrlKey": false,
              "defaultPrevented": false,
              "detail": 0,
              "eventPhase": 3,
              "isComposing": false,
              "isTrusted": true,
              "key": "Backspace",
              "keyCode": 8,
              "location": 0,
              "metaKey": false,
              "repeat": true,
              "returnValue": true,
              "shiftKey": false,
              "target": "textarea#textarea.undefined",
              "timeStamp": 6884826.510000001,
              "localTimeStamp": 1490306209075,
              "type": "keydown",
              "which": 8
            }
          ]
        },
        "Release": {
          "altKey": false,
          "bubbles": true,
          "cancelBubble": false,
          "cancelable": true,
          "charCode": 0,
          "code": "Backspace",
          "composed": true,
          "ctrlKey": false,
          "defaultPrevented": false,
          "detail": 0,
          "eventPhase": 3,
          "isComposing": false,
          "isTrusted": true,
          "key": "Backspace",
          "keyCode": 8,
          "location": 0,
          "metaKey": false,
          "repeat": false,
          "returnValue": true,
          "shiftKey": false,
          "target": "textarea#textarea.undefined",
          "timeStamp": 6884836.165000001,
          "localTimeStamp": 1490306209083,
          "type": "keyup",
          "which": 8
        }
      },
      "wrongKeyPair": true
    }
  ],
  "p6": [
    {
      "code": "Shift-ShiftRight",
      "Press": 6443025.530000001,
      "Release": 6443555.335000001,
      "allData": {
        "Press": {
          "altKey": false,
          "bubbles": true,
          "cancelBubble": false,
          "cancelable": true,
          "charCode": 0,
          "code": "ShiftRight",
          "composed": true,
          "ctrlKey": false,
          "defaultPrevented": false,
          "detail": 0,
          "eventPhase": 3,
          "isComposing": false,
          "isTrusted": true,
          "key": "Shift",
          "keyCode": 16,
          "location": 2,
          "metaKey": false,
          "repeat": false,
          "returnValue": true,
          "shiftKey": true,
          "target": "body#.undefined",
          "timeStamp": 6443025.530000001,
          "localTimeStamp": 1490305767276,
          "type": "keydown",
          "which": 16,
          "pairedEvents": [
            {
              "altKey": false,
              "bubbles": true,
              "cancelBubble": false,
              "cancelable": true,
              "charCode": 0,
              "code": "ShiftRight",
              "composed": true,
              "ctrlKey": false,
              "defaultPrevented": false,
              "detail": 0,
              "eventPhase": 3,
              "isComposing": false,
              "isTrusted": true,
              "key": "Shift",
              "keyCode": 16,
              "location": 2,
              "metaKey": false,
              "repeat": true,
              "returnValue": true,
              "shiftKey": true,
              "target": "body#.undefined",
              "timeStamp": 6443512.445,
              "localTimeStamp": 1490305767758,
              "type": "keydown",
              "which": 16
            },
            {
              "altKey": false,
              "bubbles": true,
              "cancelBubble": false,
              "cancelable": true,
              "charCode": 0,
              "code": "ShiftRight",
              "composed": true,
              "ctrlKey": false,
              "defaultPrevented": false,
              "detail": 0,
              "eventPhase": 3,
              "isComposing": false,
              "isTrusted": true,
              "key": "Shift",
              "keyCode": 16,
              "location": 2,
              "metaKey": false,
              "repeat": true,
              "returnValue": true,
              "shiftKey": true,
              "target": "body#.undefined",
              "timeStamp": 6443542.585,
              "localTimeStamp": 1490305767790,
              "type": "keydown",
              "which": 16
            }
          ]
        },
        "Release": {
          "altKey": false,
          "bubbles": true,
          "cancelBubble": false,
          "cancelable": true,
          "charCode": 0,
          "code": "ShiftRight",
          "composed": true,
          "ctrlKey": false,
          "defaultPrevented": false,
          "detail": 0,
          "eventPhase": 3,
          "isComposing": false,
          "isTrusted": true,
          "key": "Shift",
          "keyCode": 16,
          "location": 2,
          "metaKey": false,
          "repeat": false,
          "returnValue": true,
          "shiftKey": false,
          "target": "body#.undefined",
          "timeStamp": 6443555.335000001,
          "localTimeStamp": 1490305767805,
          "type": "keyup",
          "which": 16
        }
      },
      "wrongKeyPair": true
    }
  ]
}