{
  "count": {
    "Backspace-Backspace": 8
  },
  "p1": [],
  "p2": [
    {
      "code": "Backspace-Backspace",
      "Press": 10045632.725000001,
      "Release": 10046540.765000002,
      "allData": {
        "Press": {
          "altKey": false,
          "bubbles": true,
          "cancelBubble": false,
          "cancelable": true,
          "charCode": 0,
          "code": "Backspace",
          "composed": true,
          "ctrlKey": false,
          "defaultPrevented": false,
          "detail": 0,
          "eventPhase": 3,
          "isComposing": false,
          "isTrusted": true,
          "key": "Backspace",
          "keyCode": 8,
          "location": 0,
          "metaKey": false,
          "repeat": false,
          "returnValue": true,
          "shiftKey": false,
          "target": "textarea#textarea.undefined",
          "timeStamp": 10045632.725000001,
          "localTimeStamp": 1490324920343,
          "type": "keydown",
          "which": 8,
          "pairedEvents": [
            {
              "altKey": false,
              "bubbles": true,
              "cancelBubble": false,
              "cancelable": true,
              "charCode": 0,
              "code": "Backspace",
              "composed": true,
              "ctrlKey": false,
              "defaultPrevented": false,
              "detail": 0,
              "eventPhase": 3,
              "isComposing": false,
              "isTrusted": true,
              "key": "Backspace",
              "keyCode": 8,
              "location": 0,
              "metaKey": false,
              "repeat": true,
              "returnValue": true,
              "shiftKey": false,
              "target": "textarea#textarea.undefined",
              "timeStamp": 10046132.785000002,
              "localTimeStamp": 1490324920843,
              "type": "keydown",
              "which": 8
            },
            {
              "altKey": false,
              "bubbles": true,
              "cancelBubble": false,
              "cancelable": true,
              "charCode": 0,
              "code": "Backspace",
              "composed": true,
              "ctrlKey": false,
              "defaultPrevented": false,
              "detail": 0,
              "eventPhase": 3,
              "isComposing": false,
              "isTrusted": true,
              "key": "Backspace",
              "keyCode": 8,
              "location": 0,
              "metaKey": false,
              "repeat": true,
              "returnValue": true,
              "shiftKey": false,
              "target": "textarea#textarea.undefined",
              "timeStamp": 10046217.285,
              "localTimeStamp": 1490324920928,
              "type": "keydown",
              "which": 8
            },
            {
              "altKey": false,
              "bubbles": true,
              "cancelBubble": false,
              "cancelable": true,
              "charCode": 0,
              "code": "Backspace",
              "composed": true,
              "ctrlKey": false,
              "defaultPrevented": false,
              "detail": 0,
              "eventPhase": 3,
              "isComposing": false,
              "isTrusted": true,
              "key": "Backspace",
              "keyCode": 8,
              "location": 0,
              "metaKey": false,
              "repeat": true,
              "returnValue": true,
              "shiftKey": false,
              "target": "textarea#textarea.undefined",
              "timeStamp": 10046301.790000001,
              "localTimeStamp": 1490324921012,
              "type": "keydown",
              "which": 8
            },
            {
              "altKey": false,
              "bubbles": true,
              "cancelBubble": false,
              "cancelable": true,
              "charCode": 0,
              "code": "Backspace",
              "composed": true,
              "ctrlKey": false,
              "defaultPrevented": false,
              "detail": 0,
              "eventPhase": 3,
              "isComposing": false,
              "isTrusted": true,
              "key": "Backspace",
              "keyCode": 8,
              "location": 0,
              "metaKey": false,
              "repeat": true,
              "returnValue": true,
              "shiftKey": false,
              "target": "textarea#textarea.undefined",
              "timeStamp": 10046386.275,
              "localTimeStamp": 1490324921097,
              "type": "keydown",
              "which": 8
            },
            {
              "altKey": false,
              "bubbles": true,
              "cancelBubble": false,
              "cancelable": true,
              "charCode": 0,
              "code": "Backspace",
              "composed": true,
              "ctrlKey": false,
              "defaultPrevented": false,
              "detail": 0,
              "eventPhase": 3,
              "isComposing": false,
              "isTrusted": true,
              "key": "Backspace",
              "keyCode": 8,
              "location": 0,
              "metaKey": false,
              "repeat": true,
              "returnValue": true,
              "shiftKey": false,
              "target": "textarea#textarea.undefined",
              "timeStamp": 10046470.770000001,
              "localTimeStamp": 1490324921181,
              "type": "keydown",
              "which": 8
            }
          ]
        },
        "Release": {
          "altKey": false,
          "bubbles": true,
          "cancelBubble": false,
          "cancelable": true,
          "charCode": 0,
          "code": "Backspace",
          "composed": true,
          "ctrlKey": false,
          "defaultPrevented": false,
          "detail": 0,
          "eventPhase": 3,
          "isComposing": false,
          "isTrusted": true,
          "key": "Backspace",
          "keyCode": 8,
          "location": 0,
          "metaKey": false,
          "repeat": false,
          "returnValue": true,
          "shiftKey": false,
          "target": "textarea#textarea.undefined",
          "timeStamp": 10046540.765000002,
          "localTimeStamp": 1490324921251,
          "type": "keyup",
          "which": 8
        }
      },
      "wrongKeyPair": true
    },
    {
      "code": "Backspace-Backspace",
      "Press": 10171854.925,
      "Release": 10172918.92,
      "allData": {
        "Press": {
          "altKey": false,
          "bubbles": true,
          "cancelBubble": false,
          "cancelable": true,
          "charCode": 0,
          "code": "Backspace",
          "composed": true,
          "ctrlKey": false,
          "defaultPrevented": false,
          "detail": 0,
          "eventPhase": 3,
          "isComposing": false,
          "isTrusted": true,
          "key": "Backspace",
          "keyCode": 8,
          "location": 0,
          "metaKey": false,
          "repeat": false,
          "returnValue": true,
          "shiftKey": false,
          "target": "textarea#textarea.undefined",
          "timeStamp": 10171854.925,
          "localTimeStamp": 1490325046570,
          "type": "keydown",
          "which": 8,
          "pairedEvents": [
            {
              "altKey": false,
              "bubbles": true,
              "cancelBubble": false,
              "cancelable": true,
              "charCode": 0,
              "code": "Backspace",
              "composed": true,
              "ctrlKey": false,
              "defaultPrevented": false,
              "detail": 0,
              "eventPhase": 3,
              "isComposing": false,
              "isTrusted": true,
              "key": "Backspace",
              "keyCode": 8,
              "location": 0,
              "metaKey": false,
              "repeat": true,
              "returnValue": true,
              "shiftKey": false,
              "target": "textarea#textarea.undefined",
              "timeStamp": 10172356.06,
              "localTimeStamp": 1490325047070,
              "type": "keydown",
              "which": 8
            },
            {
              "altKey": false,
              "bubbles": true,
              "cancelBubble": false,
              "cancelable": true,
              "charCode": 0,
              "code": "Backspace",
              "composed": true,
              "ctrlKey": false,
              "defaultPrevented": false,
              "detail": 0,
              "eventPhase": 3,
              "isComposing": false,
              "isTrusted": true,
              "key": "Backspace",
              "keyCode": 8,
              "location": 0,
              "metaKey": false,
              "repeat": true,
              "returnValue": true,
              "shiftKey": false,
              "target": "textarea#textarea.undefined",
              "timeStamp": 10172440.565000001,
              "localTimeStamp": 1490325047154,
              "type": "keydown",
              "which": 8
            },
            {
              "altKey": false,
              "bubbles": true,
              "cancelBubble": false,
              "cancelable": true,
              "charCode": 0,
              "code": "Backspace",
              "composed": true,
              "ctrlKey": false,
              "defaultPrevented": false,
              "detail": 0,
              "eventPhase": 3,
              "isComposing": false,
              "isTrusted": true,
              "key": "Backspace",
              "keyCode": 8,
              "location": 0,
              "metaKey": false,
              "repeat": true,
              "returnValue": true,
              "shiftKey": false,
              "target": "textarea#textarea.undefined",
              "timeStamp": 10172525.065000001,
              "localTimeStamp": 1490325047239,
              "type": "keydown",
              "which": 8
            },
            {
              "altKey": false,
              "bubbles": true,
              "cancelBubble": false,
              "cancelable": true,
              "charCode": 0,
              "code": "Backspace",
              "composed": true,
              "ctrlKey": false,
              "defaultPrevented": false,
              "detail": 0,
              "eventPhase": 3,
              "isComposing": false,
              "isTrusted": true,
              "key": "Backspace",
              "keyCode": 8,
              "location": 0,
              "metaKey": false,
              "repeat": true,
              "returnValue": true,
              "shiftKey": false,
              "target": "textarea#textarea.undefined",
              "timeStamp": 10172609.565000001,
              "localTimeStamp": 1490325047323,
              "type": "keydown",
              "which": 8
            },
            {
              "altKey": false,
              "bubbles": true,
              "cancelBubble": false,
              "cancelable": true,
              "charCode": 0,
              "code": "Backspace",
              "composed": true,
              "ctrlKey": false,
              "defaultPrevented": false,
              "detail": 0,
              "eventPhase": 3,
              "isComposing": false,
              "isTrusted": true,
              "key": "Backspace",
              "keyCode": 8,
              "location": 0,
              "metaKey": false,
              "repeat": true,
              "returnValue": true,
              "shiftKey": false,
              "target": "textarea#textarea.undefined",
              "timeStamp": 10172694.060000002,
              "localTimeStamp": 1490325047408,
              "type": "keydown",
              "which": 8
            },
            {
              "altKey": false,
              "bubbles": true,
              "cancelBubble": false,
              "cancelable": true,
              "charCode": 0,
              "code": "Backspace",
              "composed": true,
              "ctrlKey": false,
              "defaultPrevented": false,
              "detail": 0,
              "eventPhase": 3,
              "isComposing": false,
              "isTrusted": true,
              "key": "Backspace",
              "keyCode": 8,
              "location": 0,
              "metaKey": false,
              "repeat": true,
              "returnValue": true,
              "shiftKey": false,
              "target": "textarea#textarea.undefined",
              "timeStamp": 10172778.56,
              "localTimeStamp": 1490325047492,
              "type": "keydown",
              "which": 8
            },
            {
              "altKey": false,
              "bubbles": true,
              "cancelBubble": false,
              "cancelable": true,
              "charCode": 0,
              "code": "Backspace",
              "composed": true,
              "ctrlKey": false,
              "defaultPrevented": false,
              "detail": 0,
              "eventPhase": 3,
              "isComposing": false,
              "isTrusted": true,
              "key": "Backspace",
              "keyCode": 8,
              "location": 0,
              "metaKey": false,
              "repeat": true,
              "returnValue": true,
              "shiftKey": false,
              "target": "textarea#textarea.undefined",
              "timeStamp": 10172863.065000001,
              "localTimeStamp": 1490325047578,
              "type": "keydown",
              "which": 8
            }
          ]
        },
        "Release": {
          "altKey": false,
          "bubbles": true,
          "cancelBubble": false,
          "cancelable": true,
          "charCode": 0,
          "code": "Backspace",
          "composed": true,
          "ctrlKey": false,
          "defaultPrevented": false,
          "detail": 0,
          "eventPhase": 3,
          "isComposing": false,
          "isTrusted": true,
          "key": "Backspace",
          "keyCode": 8,
          "location": 0,
          "metaKey": false,
          "repeat": false,
          "returnValue": true,
          "shiftKey": false,
          "target": "textarea#textarea.undefined",
          "timeStamp": 10172918.92,
          "localTimeStamp": 1490325047632,
          "type": "keyup",
          "which": 8
        }
      },
      "wrongKeyPair": true
    }
  ],
  "p3": [],
  "p4": [
    {
      "code": "Backspace-Backspace",
      "Press": 9387441.360000001,
      "Release": 9388689.355,
      "allData": {
        "Press": {
          "altKey": false,
          "bubbles": true,
          "cancelBubble": false,
          "cancelable": true,
          "charCode": 0,
          "code": "Backspace",
          "composed": true,
          "ctrlKey": false,
          "defaultPrevented": false,
          "detail": 0,
          "eventPhase": 3,
          "isComposing": false,
          "isTrusted": true,
          "key": "Backspace",
          "keyCode": 8,
          "location": 0,
          "metaKey": false,
          "repeat": false,
          "returnValue": true,
          "shiftKey": false,
          "target": "textarea#textarea.undefined",
          "timeStamp": 9387441.360000001,
          "localTimeStamp": 1490324262135,
          "type": "keydown",
          "which": 8,
          "pairedEvents": [
            {
              "altKey": false,
              "bubbles": true,
              "cancelBubble": false,
              "cancelable": true,
              "charCode": 0,
              "code": "Backspace",
              "composed": true,
              "ctrlKey": false,
              "defaultPrevented": false,
              "detail": 0,
              "eventPhase": 3,
              "isComposing": false,
              "isTrusted": true,
              "key": "Backspace",
              "keyCode": 8,
              "location": 0,
              "metaKey": false,
              "repeat": true,
              "returnValue": true,
              "shiftKey": false,
              "target": "textarea#textarea.undefined",
              "timeStamp": 9387942.510000002,
              "localTimeStamp": 1490324262636,
              "type": "keydown",
              "which": 8
            },
            {
              "altKey": false,
              "bubbles": true,
              "cancelBubble": false,
              "cancelable": true,
              "charCode": 0,
              "code": "Backspace",
              "composed": true,
              "ctrlKey": false,
              "defaultPrevented": false,
              "detail": 0,
              "eventPhase": 3,
              "isComposing": false,
              "isTrusted": true,
              "key": "Backspace",
              "keyCode": 8,
              "location": 0,
              "metaKey": false,
              "repeat": true,
              "returnValue": true,
              "shiftKey": false,
              "target": "textarea#textarea.undefined",
              "timeStamp": 9388027,
              "localTimeStamp": 1490324262720,
              "type": "keydown",
              "which": 8
            },
            {
              "altKey": false,
              "bubbles": true,
              "cancelBubble": false,
              "cancelable": true,
              "charCode": 0,
              "code": "Backspace",
              "composed": true,
              "ctrlKey": false,
              "defaultPrevented": false,
              "detail": 0,
              "eventPhase": 3,
              "isComposing": false,
              "isTrusted": true,
              "key": "Backspace",
              "keyCode": 8,
              "location": 0,
              "metaKey": false,
              "repeat": true,
              "returnValue": true,
              "shiftKey": false,
              "target": "textarea#textarea.undefined",
              "timeStamp": 9388111.505,
              "localTimeStamp": 1490324262805,
              "type": "keydown",
              "which": 8
            },
            {
              "altKey": false,
              "bubbles": true,
              "cancelBubble": false,
              "cancelable": true,
              "charCode": 0,
              "code": "Backspace",
              "composed": true,
              "ctrlKey": false,
              "defaultPrevented": false,
              "detail": 0,
              "eventPhase": 3,
              "isComposing": false,
              "isTrusted": true,
              "key": "Backspace",
              "keyCode": 8,
              "location": 0,
              "metaKey": false,
              "repeat": true,
              "returnValue": true,
              "shiftKey": false,
              "target": "textarea#textarea.undefined",
              "timeStamp": 9388194.92,
              "localTimeStamp": 1490324262888,
              "type": "keydown",
              "which": 8
            },
            {
              "altKey": false,
              "bubbles": true,
              "cancelBubble": false,
              "cancelable": true,
              "charCode": 0,
              "code": "Backspace",
              "composed": true,
              "ctrlKey": false,
              "defaultPrevented": false,
              "detail": 0,
              "eventPhase": 3,
              "isComposing": false,
              "isTrusted": true,
              "key": "Backspace",
              "keyCode": 8,
              "location": 0,
              "metaKey": false,
              "repeat": true,
              "returnValue": true,
              "shiftKey": false,
              "target": "textarea#textarea.undefined",
              "timeStamp": 9388279.405000001,
              "localTimeStamp": 1490324262973,
              "type": "keydown",
              "which": 8
            },
            {
              "altKey": false,
              "bubbles": true,
              "cancelBubble": false,
              "cancelable": true,
              "charCode": 0,
              "code": "Backspace",
              "composed": true,
              "ctrlKey": false,
              "defaultPrevented": false,
              "detail": 0,
              "eventPhase": 3,
              "isComposing": false,
              "isTrusted": true,
              "key": "Backspace",
              "keyCode": 8,
              "location": 0,
              "metaKey": false,
              "repeat": true,
              "returnValue": true,
              "shiftKey": false,
              "target": "textarea#textarea.undefined",
              "timeStamp": 9388363.915,
              "localTimeStamp": 1490324263057,
              "type": "keydown",
              "which": 8
            },
            {
              "altKey": false,
              "bubbles": true,
              "cancelBubble": false,
              "cancelable": true,
              "charCode": 0,
              "code": "Backspace",
              "composed": true,
              "ctrlKey": false,
              "defaultPrevented": false,
              "detail": 0,
              "eventPhase": 3,
              "isComposing": false,
              "isTrusted": true,
              "key": "Backspace",
              "keyCode": 8,
              "location": 0,
              "metaKey": false,
              "repeat": true,
              "returnValue": true,
              "shiftKey": false,
              "target": "textarea#textarea.undefined",
              "timeStamp": 9388448.405000001,
              "localTimeStamp": 1490324263142,
              "type": "keydown",
              "which": 8
            },
            {
              "altKey": false,
              "bubbles": true,
              "cancelBubble": false,
              "cancelable": true,
              "charCode": 0,
              "code": "Backspace",
              "composed": true,
              "ctrlKey": false,
              "defaultPrevented": false,
              "detail": 0,
              "eventPhase": 3,
              "isComposing": false,
              "isTrusted": true,
              "key": "Backspace",
              "keyCode": 8,
              "location": 0,
              "metaKey": false,
              "repeat": true,
              "returnValue": true,
              "shiftKey": false,
              "target": "textarea#textarea.undefined",
              "timeStamp": 9388532.91,
              "localTimeStamp": 1490324263226,
              "type": "keydown",
              "which": 8
            },
            {
              "altKey": false,
              "bubbles": true,
              "cancelBubble": false,
              "cancelable": true,
              "charCode": 0,
              "code": "Backspace",
              "composed": true,
              "ctrlKey": false,
              "defaultPrevented": false,
              "detail": 0,
              "eventPhase": 3,
              "isComposing": false,
              "isTrusted": true,
              "key": "Backspace",
              "keyCode": 8,
              "location": 0,
              "metaKey": false,
              "repeat": true,
              "returnValue": true,
              "shiftKey": false,
              "target": "textarea#textarea.undefined",
              "timeStamp": 9388617.405000001,
              "localTimeStamp": 1490324263311,
              "type": "keydown",
              "which": 8
            }
          ]
        },
        "Release": {
          "altKey": false,
          "bubbles": true,
          "cancelBubble": false,
          "cancelable": true,
          "charCode": 0,
          "code": "Backspace",
          "composed": true,
          "ctrlKey": false,
          "defaultPrevented": false,
          "detail": 0,
          "eventPhase": 3,
          "isComposing": false,
          "isTrusted": true,
          "key": "Backspace",
          "keyCode": 8,
          "location": 0,
          "metaKey": false,
          "repeat": false,
          "returnValue": true,
          "shiftKey": false,
          "target": "textarea#textarea.undefined",
          "timeStamp": 9388689.355,
          "localTimeStamp": 1490324263382,
          "type": "keyup",
          "which": 8
        }
      },
      "wrongKeyPair": true
    },
    {
      "code": "Backspace-Backspace",
      "Press": 9542719.225000001,
      "Release": 9545327.035,
      "allData": {
        "Press": {
          "altKey": false,
          "bubbles": true,
          "cancelBubble": false,
          "cancelable": true,
          "charCode": 0,
          "code": "Backspace",
          "composed": true,
          "ctrlKey": false,
          "defaultPrevented": false,
          "detail": 0,
          "eventPhase": 3,
          "isComposing": false,
          "isTrusted": true,
          "key": "Backspace",
          "keyCode": 8,
          "location": 0,
          "metaKey": false,
          "repeat": false,
          "returnValue": true,
          "shiftKey": false,
          "target": "textarea#textarea.undefined",
          "timeStamp": 9542719.225000001,
          "localTimeStamp": 1490324417416,
          "type": "keydown",
          "which": 8,
          "pairedEvents": [
            {
              "altKey": false,
              "bubbles": true,
              "cancelBubble": false,
              "cancelable": true,
              "charCode": 0,
              "code": "Backspace",
              "composed": true,
              "ctrlKey": false,
              "defaultPrevented": false,
              "detail": 0,
              "eventPhase": 3,
              "isComposing": false,
              "isTrusted": true,
              "key": "Backspace",
              "keyCode": 8,
              "location": 0,
              "metaKey": false,
              "repeat": true,
              "returnValue": true,
              "shiftKey": false,
              "target": "textarea#textarea.undefined",
              "timeStamp": 9543219.525,
              "localTimeStamp": 1490324417917,
              "type": "keydown",
              "which": 8
            },
            {
              "altKey": false,
              "bubbles": true,
              "cancelBubble": false,
              "cancelable": true,
              "charCode": 0,
              "code": "Backspace",
              "composed": true,
              "ctrlKey": false,
              "defaultPrevented": false,
              "detail": 0,
              "eventPhase": 3,
              "isComposing": false,
              "isTrusted": true,
              "key": "Backspace",
              "keyCode": 8,
              "location": 0,
              "metaKey": false,
              "repeat": true,
              "returnValue": true,
              "shiftKey": false,
              "target": "textarea#textarea.undefined",
              "timeStamp": 9543303.975000001,
              "localTimeStamp": 1490324418001,
              "type": "keydown",
              "which": 8
            },
            {
              "altKey": false,
              "bubbles": true,
              "cancelBubble": false,
              "cancelable": true,
              "charCode": 0,
              "code": "Backspace",
              "composed": true,
              "ctrlKey": false,
              "defaultPrevented": false,
              "detail": 0,
              "eventPhase": 3,
              "isComposing": false,
              "isTrusted": true,
              "key": "Backspace",
              "keyCode": 8,
              "location": 0,
              "metaKey": false,
              "repeat": true,
              "returnValue": true,
              "shiftKey": false,
              "target": "textarea#textarea.undefined",
              "timeStamp": 9543387.790000001,
              "localTimeStamp": 1490324418085,
              "type": "keydown",
              "which": 8
            },
            {
              "altKey": false,
              "bubbles": true,
              "cancelBubble": false,
              "cancelable": true,
              "charCode": 0,
              "code": "Backspace",
              "composed": true,
              "ctrlKey": false,
              "defaultPrevented": false,
              "detail": 0,
              "eventPhase": 3,
              "isComposing": false,
              "isTrusted": true,
              "key": "Backspace",
              "keyCode": 8,
              "location": 0,
              "metaKey": false,
              "repeat": true,
              "returnValue": true,
              "shiftKey": false,
              "target": "textarea#textarea.undefined",
              "timeStamp": 9543472.290000001,
              "localTimeStamp": 1490324418170,
              "type": "keydown",
              "which": 8
            },
            {
              "altKey": false,
              "bubbles": true,
              "cancelBubble": false,
              "cancelable": true,
              "charCode": 0,
              "code": "Backspace",
              "composed": true,
              "ctrlKey": false,
              "defaultPrevented": false,
              "detail": 0,
              "eventPhase": 3,
              "isComposing": false,
              "isTrusted": true,
              "key": "Backspace",
              "keyCode": 8,
              "location": 0,
              "metaKey": false,
              "repeat": true,
              "returnValue": true,
              "shiftKey": false,
              "target": "textarea#textarea.undefined",
              "timeStamp": 9543556.64,
              "localTimeStamp": 1490324418253,
              "type": "keydown",
              "which": 8
            },
            {
              "altKey": false,
              "bubbles": true,
              "cancelBubble": false,
              "cancelable": true,
              "charCode": 0,
              "code": "Backspace",
              "composed": true,
              "ctrlKey": false,
              "defaultPrevented": false,
              "detail": 0,
              "eventPhase": 3,
              "isComposing": false,
              "isTrusted": true,
              "key": "Backspace",
              "keyCode": 8,
              "location": 0,
              "metaKey": false,
              "repeat": true,
              "returnValue": true,
              "shiftKey": false,
              "target": "textarea#textarea.undefined",
              "timeStamp": 9543641.17,
              "localTimeStamp": 1490324418338,
              "type": "keydown",
              "which": 8
            },
            {
              "altKey": false,
              "bubbles": true,
              "cancelBubble": false,
              "cancelable": true,
              "charCode": 0,
              "code": "Backspace",
              "composed": true,
              "ctrlKey": false,
              "defaultPrevented": false,
              "detail": 0,
              "eventPhase": 3,
              "isComposing": false,
              "isTrusted": true,
              "key": "Backspace",
              "keyCode": 8,
              "location": 0,
              "metaKey": false,
              "repeat": true,
              "returnValue": true,
              "shiftKey": false,
              "target": "textarea#textarea.undefined",
              "timeStamp": 9543724.545000002,
              "localTimeStamp": 1490324418422,
              "type": "keydown",
              "which": 8
            },
            {
              "altKey": false,
              "bubbles": true,
              "cancelBubble": false,
              "cancelable": true,
              "charCode": 0,
              "code": "Backspace",
              "composed": true,
              "ctrlKey": false,
              "defaultPrevented": false,
              "detail": 0,
              "eventPhase": 3,
              "isComposing": false,
              "isTrusted": true,
              "key": "Backspace",
              "keyCode": 8,
              "location": 0,
              "metaKey": false,
              "repeat": true,
              "returnValue": true,
              "shiftKey": false,
              "target": "textarea#textarea.undefined",
              "timeStamp": 9543809.095,
              "localTimeStamp": 1490324418506,
              "type": "keydown",
              "which": 8
            },
            {
              "altKey": false,
              "bubbles": true,
              "cancelBubble": false,
              "cancelable": true,
              "charCode": 0,
              "code": "Backspace",
              "composed": true,
              "ctrlKey": false,
              "defaultPrevented": false,
              "detail": 0,
              "eventPhase": 3,
              "isComposing": false,
              "isTrusted": true,
              "key": "Backspace",
              "keyCode": 8,
              "location": 0,
              "metaKey": false,
              "repeat": true,
              "returnValue": true,
              "shiftKey": false,
              "target": "textarea#textarea.undefined",
              "timeStamp": 9543892.905000001,
              "localTimeStamp": 1490324418590,
              "type": "keydown",
              "which": 8
            },
            {
              "altKey": false,
              "bubbles": true,
              "cancelBubble": false,
              "cancelable": true,
              "charCode": 0,
              "code": "Backspace",
              "composed": true,
              "ctrlKey": false,
              "defaultPrevented": false,
              "detail": 0,
              "eventPhase": 3,
              "isComposing": false,
              "isTrusted": true,
              "key": "Backspace",
              "keyCode": 8,
              "location": 0,
              "metaKey": false,
              "repeat": true,
              "returnValue": true,
              "shiftKey": false,
              "target": "textarea#textarea.undefined",
              "timeStamp": 9543977.410000002,
              "localTimeStamp": 1490324418675,
              "type": "keydown",
              "which": 8
            },
            {
              "altKey": false,
              "bubbles": true,
              "cancelBubble": false,
              "cancelable": true,
              "charCode": 0,
              "code": "Backspace",
              "composed": true,
              "ctrlKey": false,
              "defaultPrevented": false,
              "detail": 0,
              "eventPhase": 3,
              "isComposing": false,
              "isTrusted": true,
              "key": "Backspace",
              "keyCode": 8,
              "location": 0,
              "metaKey": false,
              "repeat": true,
              "returnValue": true,
              "shiftKey": false,
              "target": "textarea#textarea.undefined",
              "timeStamp": 9544061.825000001,
              "localTimeStamp": 1490324418759,
              "type": "keydown",
              "which": 8
            },
            {
              "altKey": false,
              "bubbles": true,
              "cancelBubble": false,
              "cancelable": true,
              "charCode": 0,
              "code": "Backspace",
              "composed": true,
              "ctrlKey": false,
              "defaultPrevented": false,
              "detail": 0,
              "eventPhase": 3,
              "isComposing": false,
              "isTrusted": true,
              "key": "Backspace",
              "keyCode": 8,
              "location": 0,
              "metaKey": false,
              "repeat": true,
              "returnValue": true,
              "shiftKey": false,
              "target": "textarea#textarea.undefined",
              "timeStamp": 9544145.705,
              "localTimeStamp": 1490324418843,
              "type": "keydown",
              "which": 8
            },
            {
              "altKey": false,
              "bubbles": true,
              "cancelBubble": false,
              "cancelable": true,
              "charCode": 0,
              "code": "Backspace",
              "composed": true,
              "ctrlKey": false,
              "defaultPrevented": false,
              "detail": 0,
              "eventPhase": 3,
              "isComposing": false,
              "isTrusted": true,
              "key": "Backspace",
              "keyCode": 8,
              "location": 0,
              "metaKey": false,
              "repeat": true,
              "returnValue": true,
              "shiftKey": false,
              "target": "textarea#textarea.undefined",
              "timeStamp": 9544229.345,
              "localTimeStamp": 1490324418927,
              "type": "keydown",
              "which": 8
            },
            {
              "altKey": false,
              "bubbles": true,
              "cancelBubble": false,
              "cancelable": true,
              "charCode": 0,
              "code": "Backspace",
              "composed": true,
              "ctrlKey": false,
              "defaultPrevented": false,
              "detail": 0,
              "eventPhase": 3,
              "isComposing": false,
              "isTrusted": true,
              "key": "Backspace",
              "keyCode": 8,
              "location": 0,
              "metaKey": false,
              "repeat": true,
              "returnValue": true,
              "shiftKey": false,
              "target": "textarea#textarea.undefined",
              "timeStamp": 9544313.835,
              "localTimeStamp": 1490324419011,
              "type": "keydown",
              "which": 8
            },
            {
              "altKey": false,
              "bubbles": true,
              "cancelBubble": false,
              "cancelable": true,
              "charCode": 0,
              "code": "Backspace",
              "composed": true,
              "ctrlKey": false,
              "defaultPrevented": false,
              "detail": 0,
              "eventPhase": 3,
              "isComposing": false,
              "isTrusted": true,
              "key": "Backspace",
              "keyCode": 8,
              "location": 0,
              "metaKey": false,
              "repeat": true,
              "returnValue": true,
              "shiftKey": false,
              "target": "textarea#textarea.undefined",
              "timeStamp": 9544398.33,
              "localTimeStamp": 1490324419096,
              "type": "keydown",
              "which": 8
            },
            {
              "altKey": false,
              "bubbles": true,
              "cancelBubble": false,
              "cancelable": true,
              "charCode": 0,
              "code": "Backspace",
              "composed": true,
              "ctrlKey": false,
              "defaultPrevented": false,
              "detail": 0,
              "eventPhase": 3,
              "isComposing": false,
              "isTrusted": true,
              "key": "Backspace",
              "keyCode": 8,
              "location": 0,
              "metaKey": false,
              "repeat": true,
              "returnValue": true,
              "shiftKey": false,
              "target": "textarea#textarea.undefined",
              "timeStamp": 9544482.83,
              "localTimeStamp": 1490324419180,
              "type": "keydown",
              "which": 8
            },
            {
              "altKey": false,
              "bubbles": true,
              "cancelBubble": false,
              "cancelable": true,
              "charCode": 0,
              "code": "Backspace",
              "composed": true,
              "ctrlKey": false,
              "defaultPrevented": false,
              "detail": 0,
              "eventPhase": 3,
              "isComposing": false,
              "isTrusted": true,
              "key": "Backspace",
              "keyCode": 8,
              "location": 0,
              "metaKey": false,
              "repeat": true,
              "returnValue": true,
              "shiftKey": false,
              "target": "textarea#textarea.undefined",
              "timeStamp": 9544566.920000002,
              "localTimeStamp": 1490324419264,
              "type": "keydown",
              "which": 8
            },
            {
              "altKey": false,
              "bubbles": true,
              "cancelBubble": false,
              "cancelable": true,
              "charCode": 0,
              "code": "Backspace",
              "composed": true,
              "ctrlKey": false,
              "defaultPrevented": false,
              "detail": 0,
              "eventPhase": 3,
              "isComposing": false,
              "isTrusted": true,
              "key": "Backspace",
              "keyCode": 8,
              "location": 0,
              "metaKey": false,
              "repeat": true,
              "returnValue": true,
              "shiftKey": false,
              "target": "textarea#textarea.undefined",
              "timeStamp": 9544651.415000001,
              "localTimeStamp": 1490324419349,
              "type": "keydown",
              "which": 8
            },
            {
              "altKey": false,
              "bubbles": true,
              "cancelBubble": false,
              "cancelable": true,
              "charCode": 0,
              "code": "Backspace",
              "composed": true,
              "ctrlKey": false,
              "defaultPrevented": false,
              "detail": 0,
              "eventPhase": 3,
              "isComposing": false,
              "isTrusted": true,
              "key": "Backspace",
              "keyCode": 8,
              "location": 0,
              "metaKey": false,
              "repeat": true,
              "returnValue": true,
              "shiftKey": false,
              "target": "textarea#textarea.undefined",
              "timeStamp": 9544735.135000002,
              "localTimeStamp": 1490324419433,
              "type": "keydown",
              "which": 8
            },
            {
              "altKey": false,
              "bubbles": true,
              "cancelBubble": false,
              "cancelable": true,
              "charCode": 0,
              "code": "Backspace",
              "composed": true,
              "ctrlKey": false,
              "defaultPrevented": false,
              "detail": 0,
              "eventPhase": 3,
              "isComposing": false,
              "isTrusted": true,
              "key": "Backspace",
              "keyCode": 8,
              "location": 0,
              "metaKey": false,
              "repeat": true,
              "returnValue": true,
              "shiftKey": false,
              "target": "textarea#textarea.undefined",
              "timeStamp": 9544819.63,
              "localTimeStamp": 1490324419517,
              "type": "keydown",
              "which": 8
            },
            {
              "altKey": false,
              "bubbles": true,
              "cancelBubble": false,
              "cancelable": true,
              "charCode": 0,
              "code": "Backspace",
              "composed": true,
              "ctrlKey": false,
              "defaultPrevented": false,
              "detail": 0,
              "eventPhase": 3,
              "isComposing": false,
              "isTrusted": true,
              "key": "Backspace",
              "keyCode": 8,
              "location": 0,
              "metaKey": false,
              "repeat": true,
              "returnValue": true,
              "shiftKey": false,
              "target": "textarea#textarea.undefined",
              "timeStamp": 9544903.755,
              "localTimeStamp": 1490324419601,
              "type": "keydown",
              "which": 8
            },
            {
              "altKey": false,
              "bubbles": true,
              "cancelBubble": false,
              "cancelable": true,
              "charCode": 0,
              "code": "Backspace",
              "composed": true,
              "ctrlKey": false,
              "defaultPrevented": false,
              "detail": 0,
              "eventPhase": 3,
              "isComposing": false,
              "isTrusted": true,
              "key": "Backspace",
              "keyCode": 8,
              "location": 0,
              "metaKey": false,
              "repeat": true,
              "returnValue": true,
              "shiftKey": false,
              "target": "textarea#textarea.undefined",
              "timeStamp": 9544988.265,
              "localTimeStamp": 1490324419686,
              "type": "keydown",
              "which": 8
            },
            {
              "altKey": false,
              "bubbles": true,
              "cancelBubble": false,
              "cancelable": true,
              "charCode": 0,
              "code": "Backspace",
              "composed": true,
              "ctrlKey": false,
              "defaultPrevented": false,
              "detail": 0,
              "eventPhase": 3,
              "isComposing": false,
              "isTrusted": true,
              "key": "Backspace",
              "keyCode": 8,
              "location": 0,
              "metaKey": false,
              "repeat": true,
              "returnValue": true,
              "shiftKey": false,
              "target": "textarea#textarea.undefined",
              "timeStamp": 9545072.345,
              "localTimeStamp": 1490324419770,
              "type": "keydown",
              "which": 8
            },
            {
              "altKey": false,
              "bubbles": true,
              "cancelBubble": false,
              "cancelable": true,
              "charCode": 0,
              "code": "Backspace",
              "composed": true,
              "ctrlKey": false,
              "defaultPrevented": false,
              "detail": 0,
              "eventPhase": 3,
              "isComposing": false,
              "isTrusted": true,
              "key": "Backspace",
              "keyCode": 8,
              "location": 0,
              "metaKey": false,
              "repeat": true,
              "returnValue": true,
              "shiftKey": false,
              "target": "textarea#textarea.undefined",
              "timeStamp": 9545156.865,
              "localTimeStamp": 1490324419854,
              "type": "keydown",
              "which": 8
            },
            {
              "altKey": false,
              "bubbles": true,
              "cancelBubble": false,
              "cancelable": true,
              "charCode": 0,
              "code": "Backspace",
              "composed": true,
              "ctrlKey": false,
              "defaultPrevented": false,
              "detail": 0,
              "eventPhase": 3,
              "isComposing": false,
              "isTrusted": true,
              "key": "Backspace",
              "keyCode": 8,
              "location": 0,
              "metaKey": false,
              "repeat": true,
              "returnValue": true,
              "shiftKey": false,
              "target": "textarea#textarea.undefined",
              "timeStamp": 9545240.89,
              "localTimeStamp": 1490324419938,
              "type": "keydown",
              "which": 8
            },
            {
              "altKey": false,
              "bubbles": true,
              "cancelBubble": false,
              "cancelable": true,
              "charCode": 0,
              "code": "Backspace",
              "composed": true,
              "ctrlKey": false,
              "defaultPrevented": false,
              "detail": 0,
              "eventPhase": 3,
              "isComposing": false,
              "isTrusted": true,
              "key": "Backspace",
              "keyCode": 8,
              "location": 0,
              "metaKey": false,
              "repeat": true,
              "returnValue": true,
              "shiftKey": false,
              "target": "textarea#textarea.undefined",
              "timeStamp": 9545325.345,
              "localTimeStamp": 1490324420023,
              "type": "keydown",
              "which": 8
            }
          ]
        },
        "Release": {
          "altKey": false,
          "bubbles": true,
          "cancelBubble": false,
          "cancelable": true,
          "charCode": 0,
          "code": "Backspace",
          "composed": true,
          "ctrlKey": false,
          "defaultPrevented": false,
          "detail": 0,
          "eventPhase": 3,
          "isComposing": false,
          "isTrusted": true,
          "key": "Backspace",
          "keyCode": 8,
          "location": 0,
          "metaKey": false,
          "repeat": false,
          "returnValue": true,
          "shiftKey": false,
          "target": "textarea#textarea.undefined",
          "timeStamp": 9545327.035,
          "localTimeStamp": 1490324420025,
          "type": "keyup",
          "which": 8
        }
      },
      "wrongKeyPair": true
    },
    {
      "code": "Backspace-Backspace",
      "Press": 9565152.875000002,
      "Release": 9566089.075000001,
      "allData": {
        "Press": {
          "altKey": false,
          "bubbles": true,
          "cancelBubble": false,
          "cancelable": true,
          "charCode": 0,
          "code": "Backspace",
          "composed": true,
          "ctrlKey": false,
          "defaultPrevented": false,
          "detail": 0,
          "eventPhase": 3,
          "isComposing": false,
          "isTrusted": true,
          "key": "Backspace",
          "keyCode": 8,
          "location": 0,
          "metaKey": false,
          "repeat": false,
          "returnValue": true,
          "shiftKey": false,
          "target": "textarea#textarea.undefined",
          "timeStamp": 9565152.875000002,
          "localTimeStamp": 1490324439851,
          "type": "keydown",
          "which": 8,
          "pairedEvents": [
            {
              "altKey": false,
              "bubbles": true,
              "cancelBubble": false,
              "cancelable": true,
              "charCode": 0,
              "code": "Backspace",
              "composed": true,
              "ctrlKey": false,
              "defaultPrevented": false,
              "detail": 0,
              "eventPhase": 3,
              "isComposing": false,
              "isTrusted": true,
              "key": "Backspace",
              "keyCode": 8,
              "location": 0,
              "metaKey": false,
              "repeat": true,
              "returnValue": true,
              "shiftKey": false,
              "target": "textarea#textarea.undefined",
              "timeStamp": 9565654.01,
              "localTimeStamp": 1490324440352,
              "type": "keydown",
              "which": 8
            },
            {
              "altKey": false,
              "bubbles": true,
              "cancelBubble": false,
              "cancelable": true,
              "charCode": 0,
              "code": "Backspace",
              "composed": true,
              "ctrlKey": false,
              "defaultPrevented": false,
              "detail": 0,
              "eventPhase": 3,
              "isComposing": false,
              "isTrusted": true,
              "key": "Backspace",
              "keyCode": 8,
              "location": 0,
              "metaKey": false,
              "repeat": true,
              "returnValue": true,
              "shiftKey": false,
              "target": "textarea#textarea.undefined",
              "timeStamp": 9565738.510000002,
              "localTimeStamp": 1490324440436,
              "type": "keydown",
              "which": 8
            },
            {
              "altKey": false,
              "bubbles": true,
              "cancelBubble": false,
              "cancelable": true,
              "charCode": 0,
              "code": "Backspace",
              "composed": true,
              "ctrlKey": false,
              "defaultPrevented": false,
              "detail": 0,
              "eventPhase": 3,
              "isComposing": false,
              "isTrusted": true,
              "key": "Backspace",
              "keyCode": 8,
              "location": 0,
              "metaKey": false,
              "repeat": true,
              "returnValue": true,
              "shiftKey": false,
              "target": "textarea#textarea.undefined",
              "timeStamp": 9565823.015,
              "localTimeStamp": 1490324440521,
              "type": "keydown",
              "which": 8
            },
            {
              "altKey": false,
              "bubbles": true,
              "cancelBubble": false,
              "cancelable": true,
              "charCode": 0,
              "code": "Backspace",
              "composed": true,
              "ctrlKey": false,
              "defaultPrevented": false,
              "detail": 0,
              "eventPhase": 3,
              "isComposing": false,
              "isTrusted": true,
              "key": "Backspace",
              "keyCode": 8,
              "location": 0,
              "metaKey": false,
              "repeat": true,
              "returnValue": true,
              "shiftKey": false,
              "target": "textarea#textarea.undefined",
              "timeStamp": 9565907.530000001,
              "localTimeStamp": 1490324440605,
              "type": "keydown",
              "which": 8
            },
            {
              "altKey": false,
              "bubbles": true,
              "cancelBubble": false,
              "cancelable": true,
              "charCode": 0,
              "code": "Backspace",
              "composed": true,
              "ctrlKey": false,
              "defaultPrevented": false,
              "detail": 0,
              "eventPhase": 3,
              "isComposing": false,
              "isTrusted": true,
              "key": "Backspace",
              "keyCode": 8,
              "location": 0,
              "metaKey": false,
              "repeat": true,
              "returnValue": true,
              "shiftKey": false,
              "target": "textarea#textarea.undefined",
              "timeStamp": 9565992.035000002,
              "localTimeStamp": 1490324440690,
              "type": "keydown",
              "which": 8
            },
            {
              "altKey": false,
              "bubbles": true,
              "cancelBubble": false,
              "cancelable": true,
              "charCode": 0,
              "code": "Backspace",
              "composed": true,
              "ctrlKey": false,
              "defaultPrevented": false,
              "detail": 0,
              "eventPhase": 3,
              "isComposing": false,
              "isTrusted": true,
              "key": "Backspace",
              "keyCode": 8,
              "location": 0,
              "metaKey": false,
              "repeat": true,
              "returnValue": true,
              "shiftKey": false,
              "target": "textarea#textarea.undefined",
              "timeStamp": 9566076.505,
              "localTimeStamp": 1490324440774,
              "type": "keydown",
              "which": 8
            }
          ]
        },
        "Release": {
          "altKey": false,
          "bubbles": true,
          "cancelBubble": false,
          "cancelable": true,
          "charCode": 0,
          "code": "Backspace",
          "composed": true,
          "ctrlKey": false,
          "defaultPrevented": false,
          "detail": 0,
          "eventPhase": 3,
          "isComposing": false,
          "isTrusted": true,
          "key": "Backspace",
          "keyCode": 8,
          "location": 0,
          "metaKey": false,
          "repeat": false,
          "returnValue": true,
          "shiftKey": false,
          "target": "textarea#textarea.undefined",
          "timeStamp": 9566089.075000001,
          "localTimeStamp": 1490324440787,
          "type": "keyup",
          "which": 8
        }
      },
      "wrongKeyPair": true
    },
    {
      "code": "Backspace-Backspace",
      "Press": 9622936.915000001,
      "Release": 9623828.950000001,
      "allData": {
        "Press": {
          "altKey": false,
          "bubbles": true,
          "cancelBubble": false,
          "cancelable": true,
          "charCode": 0,
          "code": "Backspace",
          "composed": true,
          "ctrlKey": false,
          "defaultPrevented": false,
          "detail": 0,
          "eventPhase": 3,
          "isComposing": false,
          "isTrusted": true,
          "key": "Backspace",
          "keyCode": 8,
          "location": 0,
          "metaKey": false,
          "repeat": false,
          "returnValue": true,
          "shiftKey": false,
          "target": "textarea#textarea.undefined",
          "timeStamp": 9622936.915000001,
          "localTimeStamp": 1490324497636,
          "type": "keydown",
          "which": 8,
          "pairedEvents": [
            {
              "altKey": false,
              "bubbles": true,
              "cancelBubble": false,
              "cancelable": true,
              "charCode": 0,
              "code": "Backspace",
              "composed": true,
              "ctrlKey": false,
              "defaultPrevented": false,
              "detail": 0,
              "eventPhase": 3,
              "isComposing": false,
              "isTrusted": true,
              "key": "Backspace",
              "keyCode": 8,
              "location": 0,
              "metaKey": false,
              "repeat": true,
              "returnValue": true,
              "shiftKey": false,
              "target": "textarea#textarea.undefined",
              "timeStamp": 9623437.365000002,
              "localTimeStamp": 1490324498137,
              "type": "keydown",
              "which": 8
            },
            {
              "altKey": false,
              "bubbles": true,
              "cancelBubble": false,
              "cancelable": true,
              "charCode": 0,
              "code": "Backspace",
              "composed": true,
              "ctrlKey": false,
              "defaultPrevented": false,
              "detail": 0,
              "eventPhase": 3,
              "isComposing": false,
              "isTrusted": true,
              "key": "Backspace",
              "keyCode": 8,
              "location": 0,
              "metaKey": false,
              "repeat": true,
              "returnValue": true,
              "shiftKey": false,
              "target": "textarea#textarea.undefined",
              "timeStamp": 9623521.865,
              "localTimeStamp": 1490324498221,
              "type": "keydown",
              "which": 8
            },
            {
              "altKey": false,
              "bubbles": true,
              "cancelBubble": false,
              "cancelable": true,
              "charCode": 0,
              "code": "Backspace",
              "composed": true,
              "ctrlKey": false,
              "defaultPrevented": false,
              "detail": 0,
              "eventPhase": 3,
              "isComposing": false,
              "isTrusted": true,
              "key": "Backspace",
              "keyCode": 8,
              "location": 0,
              "metaKey": false,
              "repeat": true,
              "returnValue": true,
              "shiftKey": false,
              "target": "textarea#textarea.undefined",
              "timeStamp": 9623606.255,
              "localTimeStamp": 1490324498306,
              "type": "keydown",
              "which": 8
            },
            {
              "altKey": false,
              "bubbles": true,
              "cancelBubble": false,
              "cancelable": true,
              "charCode": 0,
              "code": "Backspace",
              "composed": true,
              "ctrlKey": false,
              "defaultPrevented": false,
              "detail": 0,
              "eventPhase": 3,
              "isComposing": false,
              "isTrusted": true,
              "key": "Backspace",
              "keyCode": 8,
              "location": 0,
              "metaKey": false,
              "repeat": true,
              "returnValue": true,
              "shiftKey": false,
              "target": "textarea#textarea.undefined",
              "timeStamp": 9623690.755,
              "localTimeStamp": 1490324498390,
              "type": "keydown",
              "which": 8
            },
            {
              "altKey": false,
              "bubbles": true,
              "cancelBubble": false,
              "cancelable": true,
              "charCode": 0,
              "code": "Backspace",
              "composed": true,
              "ctrlKey": false,
              "defaultPrevented": false,
              "detail": 0,
              "eventPhase": 3,
              "isComposing": false,
              "isTrusted": true,
              "key": "Backspace",
              "keyCode": 8,
              "location": 0,
              "metaKey": false,
              "repeat": true,
              "returnValue": true,
              "shiftKey": false,
              "target": "textarea#textarea.undefined",
              "timeStamp": 9623775.26,
              "localTimeStamp": 1490324498475,
              "type": "keydown",
              "which": 8
            }
          ]
        },
        "Release": {
          "altKey": false,
          "bubbles": true,
          "cancelBubble": false,
          "cancelable": true,
          "charCode": 0,
          "code": "Backspace",
          "composed": true,
          "ctrlKey": false,
          "defaultPrevented": false,
          "detail": 0,
          "eventPhase": 3,
          "isComposing": false,
          "isTrusted": true,
          "key": "Backspace",
          "keyCode": 8,
          "location": 0,
          "metaKey": false,
          "repeat": false,
          "returnValue": true,
          "shiftKey": false,
          "target": "textarea#textarea.undefined",
          "timeStamp": 9623828.950000001,
          "localTimeStamp": 1490324498528,
          "type": "keyup",
          "which": 8
        }
      },
      "wrongKeyPair": true
    },
    {
      "code": "Backspace-Backspace",
      "Press": 9675200.105,
      "Release": 9677964.025,
      "allData": {
        "Press": {
          "altKey": false,
          "bubbles": true,
          "cancelBubble": false,
          "cancelable": true,
          "charCode": 0,
          "code": "Backspace",
          "composed": true,
          "ctrlKey": false,
          "defaultPrevented": false,
          "detail": 0,
          "eventPhase": 3,
          "isComposing": false,
          "isTrusted": true,
          "key": "Backspace",
          "keyCode": 8,
          "location": 0,
          "metaKey": false,
          "repeat": false,
          "returnValue": true,
          "shiftKey": false,
          "target": "textarea#textarea.undefined",
          "timeStamp": 9675200.105,
          "localTimeStamp": 1490324549901,
          "type": "keydown",
          "which": 8,
          "pairedEvents": [
            {
              "altKey": false,
              "bubbles": true,
              "cancelBubble": false,
              "cancelable": true,
              "charCode": 0,
              "code": "Backspace",
              "composed": true,
              "ctrlKey": false,
              "defaultPrevented": false,
              "detail": 0,
              "eventPhase": 3,
              "isComposing": false,
              "isTrusted": true,
              "key": "Backspace",
              "keyCode": 8,
              "location": 0,
              "metaKey": false,
              "repeat": true,
              "returnValue": true,
              "shiftKey": false,
              "target": "textarea#textarea.undefined",
              "timeStamp": 9675700.325000001,
              "localTimeStamp": 1490324550401,
              "type": "keydown",
              "which": 8
            },
            {
              "altKey": false,
              "bubbles": true,
              "cancelBubble": false,
              "cancelable": true,
              "charCode": 0,
              "code": "Backspace",
              "composed": true,
              "ctrlKey": false,
              "defaultPrevented": false,
              "detail": 0,
              "eventPhase": 3,
              "isComposing": false,
              "isTrusted": true,
              "key": "Backspace",
              "keyCode": 8,
              "location": 0,
              "metaKey": false,
              "repeat": true,
              "returnValue": true,
              "shiftKey": false,
              "target": "textarea#textarea.undefined",
              "timeStamp": 9675784.790000001,
              "localTimeStamp": 1490324550486,
              "type": "keydown",
              "which": 8
            },
            {
              "altKey": false,
              "bubbles": true,
              "cancelBubble": false,
              "cancelable": true,
              "charCode": 0,
              "code": "Backspace",
              "composed": true,
              "ctrlKey": false,
              "defaultPrevented": false,
              "detail": 0,
              "eventPhase": 3,
              "isComposing": false,
              "isTrusted": true,
              "key": "Backspace",
              "keyCode": 8,
              "location": 0,
              "metaKey": false,
              "repeat": true,
              "returnValue": true,
              "shiftKey": false,
              "target": "textarea#textarea.undefined",
              "timeStamp": 9675869.295,
              "localTimeStamp": 1490324550570,
              "type": "keydown",
              "which": 8
            },
            {
              "altKey": false,
              "bubbles": true,
              "cancelBubble": false,
              "cancelable": true,
              "charCode": 0,
              "code": "Backspace",
              "composed": true,
              "ctrlKey": false,
              "defaultPrevented": false,
              "detail": 0,
              "eventPhase": 3,
              "isComposing": false,
              "isTrusted": true,
              "key": "Backspace",
              "keyCode": 8,
              "location": 0,
              "metaKey": false,
              "repeat": true,
              "returnValue": true,
              "shiftKey": false,
              "target": "textarea#textarea.undefined",
              "timeStamp": 9675952.69,
              "localTimeStamp": 1490324550653,
              "type": "keydown",
              "which": 8
            },
            {
              "altKey": false,
              "bubbles": true,
              "cancelBubble": false,
              "cancelable": true,
              "charCode": 0,
              "code": "Backspace",
              "composed": true,
              "ctrlKey": false,
              "defaultPrevented": false,
              "detail": 0,
              "eventPhase": 3,
              "isComposing": false,
              "isTrusted": true,
              "key": "Backspace",
              "keyCode": 8,
              "location": 0,
              "metaKey": false,
              "repeat": true,
              "returnValue": true,
              "shiftKey": false,
              "target": "textarea#textarea.undefined",
              "timeStamp": 9676036.07,
              "localTimeStamp": 1490324550737,
              "type": "keydown",
              "which": 8
            },
            {
              "altKey": false,
              "bubbles": true,
              "cancelBubble": false,
              "cancelable": true,
              "charCode": 0,
              "code": "Backspace",
              "composed": true,
              "ctrlKey": false,
              "defaultPrevented": false,
              "detail": 0,
              "eventPhase": 3,
              "isComposing": false,
              "isTrusted": true,
              "key": "Backspace",
              "keyCode": 8,
              "location": 0,
              "metaKey": false,
              "repeat": true,
              "returnValue": true,
              "shiftKey": false,
              "target": "textarea#textarea.undefined",
              "timeStamp": 9676120.435,
              "localTimeStamp": 1490324550821,
              "type": "keydown",
              "which": 8
            },
            {
              "altKey": false,
              "bubbles": true,
              "cancelBubble": false,
              "cancelable": true,
              "charCode": 0,
              "code": "Backspace",
              "composed": true,
              "ctrlKey": false,
              "defaultPrevented": false,
              "detail": 0,
              "eventPhase": 3,
              "isComposing": false,
              "isTrusted": true,
              "key": "Backspace",
              "keyCode": 8,
              "location": 0,
              "metaKey": false,
              "repeat": true,
              "returnValue": true,
              "shiftKey": false,
              "target": "textarea#textarea.undefined",
              "timeStamp": 9676204.935000002,
              "localTimeStamp": 1490324550906,
              "type": "keydown",
              "which": 8
            },
            {
              "altKey": false,
              "bubbles": true,
              "cancelBubble": false,
              "cancelable": true,
              "charCode": 0,
              "code": "Backspace",
              "composed": true,
              "ctrlKey": false,
              "defaultPrevented": false,
              "detail": 0,
              "eventPhase": 3,
              "isComposing": false,
              "isTrusted": true,
              "key": "Backspace",
              "keyCode": 8,
              "location": 0,
              "metaKey": false,
              "repeat": true,
              "returnValue": true,
              "shiftKey": false,
              "target": "textarea#textarea.undefined",
              "timeStamp": 9676289.075000001,
              "localTimeStamp": 1490324550990,
              "type": "keydown",
              "which": 8
            },
            {
              "altKey": false,
              "bubbles": true,
              "cancelBubble": false,
              "cancelable": true,
              "charCode": 0,
              "code": "Backspace",
              "composed": true,
              "ctrlKey": false,
              "defaultPrevented": false,
              "detail": 0,
              "eventPhase": 3,
              "isComposing": false,
              "isTrusted": true,
              "key": "Backspace",
              "keyCode": 8,
              "location": 0,
              "metaKey": false,
              "repeat": true,
              "returnValue": true,
              "shiftKey": false,
              "target": "textarea#textarea.undefined",
              "timeStamp": 9676373.520000001,
              "localTimeStamp": 1490324551074,
              "type": "keydown",
              "which": 8
            },
            {
              "altKey": false,
              "bubbles": true,
              "cancelBubble": false,
              "cancelable": true,
              "charCode": 0,
              "code": "Backspace",
              "composed": true,
              "ctrlKey": false,
              "defaultPrevented": false,
              "detail": 0,
              "eventPhase": 3,
              "isComposing": false,
              "isTrusted": true,
              "key": "Backspace",
              "keyCode": 8,
              "location": 0,
              "metaKey": false,
              "repeat": true,
              "returnValue": true,
              "shiftKey": false,
              "target": "textarea#textarea.undefined",
              "timeStamp": 9676457.680000002,
              "localTimeStamp": 1490324551159,
              "type": "keydown",
              "which": 8
            },
            {
              "altKey": false,
              "bubbles": true,
              "cancelBubble": false,
              "cancelable": true,
              "charCode": 0,
              "code": "Backspace",
              "composed": true,
              "ctrlKey": false,
              "defaultPrevented": false,
              "detail": 0,
              "eventPhase": 3,
              "isComposing": false,
              "isTrusted": true,
              "key": "Backspace",
              "keyCode": 8,
              "location": 0,
              "metaKey": false,
              "repeat": true,
              "returnValue": true,
              "shiftKey": false,
              "target": "textarea#textarea.undefined",
              "timeStamp": 9676542.165000001,
              "localTimeStamp": 1490324551243,
              "type": "keydown",
              "which": 8
            },
            {
              "altKey": false,
              "bubbles": true,
              "cancelBubble": false,
              "cancelable": true,
              "charCode": 0,
              "code": "Backspace",
              "composed": true,
              "ctrlKey": false,
              "defaultPrevented": false,
              "detail": 0,
              "eventPhase": 3,
              "isComposing": false,
              "isTrusted": true,
              "key": "Backspace",
              "keyCode": 8,
              "location": 0,
              "metaKey": false,
              "repeat": true,
              "returnValue": true,
              "shiftKey": false,
              "target": "textarea#textarea.undefined",
              "timeStamp": 9676626.33,
              "localTimeStamp": 1490324551327,
              "type": "keydown",
              "which": 8
            },
            {
              "altKey": false,
              "bubbles": true,
              "cancelBubble": false,
              "cancelable": true,
              "charCode": 0,
              "code": "Backspace",
              "composed": true,
              "ctrlKey": false,
              "defaultPrevented": false,
              "detail": 0,
              "eventPhase": 3,
              "isComposing": false,
              "isTrusted": true,
              "key": "Backspace",
              "keyCode": 8,
              "location": 0,
              "metaKey": false,
              "repeat": true,
              "returnValue": true,
              "shiftKey": false,
              "target": "textarea#textarea.undefined",
              "timeStamp": 9676709.695000002,
              "localTimeStamp": 1490324551410,
              "type": "keydown",
              "which": 8
            },
            {
              "altKey": false,
              "bubbles": true,
              "cancelBubble": false,
              "cancelable": true,
              "charCode": 0,
              "code": "Backspace",
              "composed": true,
              "ctrlKey": false,
              "defaultPrevented": false,
              "detail": 0,
              "eventPhase": 3,
              "isComposing": false,
              "isTrusted": true,
              "key": "Backspace",
              "keyCode": 8,
              "location": 0,
              "metaKey": false,
              "repeat": true,
              "returnValue": true,
              "shiftKey": false,
              "target": "textarea#textarea.undefined",
              "timeStamp": 9676794.205,
              "localTimeStamp": 1490324551495,
              "type": "keydown",
              "which": 8
            },
            {
              "altKey": false,
              "bubbles": true,
              "cancelBubble": false,
              "cancelable": true,
              "charCode": 0,
              "code": "Backspace",
              "composed": true,
              "ctrlKey": false,
              "defaultPrevented": false,
              "detail": 0,
              "eventPhase": 3,
              "isComposing": false,
              "isTrusted": true,
              "key": "Backspace",
              "keyCode": 8,
              "location": 0,
              "metaKey": false,
              "repeat": true,
              "returnValue": true,
              "shiftKey": false,
              "target": "textarea#textarea.undefined",
              "timeStamp": 9676878.715,
              "localTimeStamp": 1490324551579,
              "type": "keydown",
              "which": 8
            },
            {
              "altKey": false,
              "bubbles": true,
              "cancelBubble": false,
              "cancelable": true,
              "charCode": 0,
              "code": "Backspace",
              "composed": true,
              "ctrlKey": false,
              "defaultPrevented": false,
              "detail": 0,
              "eventPhase": 3,
              "isComposing": false,
              "isTrusted": true,
              "key": "Backspace",
              "keyCode": 8,
              "location": 0,
              "metaKey": false,
              "repeat": true,
              "returnValue": true,
              "shiftKey": false,
              "target": "textarea#textarea.undefined",
              "timeStamp": 9676963.205,
              "localTimeStamp": 1490324551664,
              "type": "keydown",
              "which": 8
            },
            {
              "altKey": false,
              "bubbles": true,
              "cancelBubble": false,
              "cancelable": true,
              "charCode": 0,
              "code": "Backspace",
              "composed": true,
              "ctrlKey": false,
              "defaultPrevented": false,
              "detail": 0,
              "eventPhase": 3,
              "isComposing": false,
              "isTrusted": true,
              "key": "Backspace",
              "keyCode": 8,
              "location": 0,
              "metaKey": false,
              "repeat": true,
              "returnValue": true,
              "shiftKey": false,
              "target": "textarea#textarea.undefined",
              "timeStamp": 9677047.695,
              "localTimeStamp": 1490324551748,
              "type": "keydown",
              "which": 8
            },
            {
              "altKey": false,
              "bubbles": true,
              "cancelBubble": false,
              "cancelable": true,
              "charCode": 0,
              "code": "Backspace",
              "composed": true,
              "ctrlKey": false,
              "defaultPrevented": false,
              "detail": 0,
              "eventPhase": 3,
              "isComposing": false,
              "isTrusted": true,
              "key": "Backspace",
              "keyCode": 8,
              "location": 0,
              "metaKey": false,
              "repeat": true,
              "returnValue": true,
              "shiftKey": false,
              "target": "textarea#textarea.undefined",
              "timeStamp": 9677132.090000002,
              "localTimeStamp": 1490324551833,
              "type": "keydown",
              "which": 8
            },
            {
              "altKey": false,
              "bubbles": true,
              "cancelBubble": false,
              "cancelable": true,
              "charCode": 0,
              "code": "Backspace",
              "composed": true,
              "ctrlKey": false,
              "defaultPrevented": false,
              "detail": 0,
              "eventPhase": 3,
              "isComposing": false,
              "isTrusted": true,
              "key": "Backspace",
              "keyCode": 8,
              "location": 0,
              "metaKey": false,
              "repeat": true,
              "returnValue": true,
              "shiftKey": false,
              "target": "textarea#textarea.undefined",
              "timeStamp": 9677215.87,
              "localTimeStamp": 1490324551916,
              "type": "keydown",
              "which": 8
            },
            {
              "altKey": false,
              "bubbles": true,
              "cancelBubble": false,
              "cancelable": true,
              "charCode": 0,
              "code": "Backspace",
              "composed": true,
              "ctrlKey": false,
              "defaultPrevented": false,
              "detail": 0,
              "eventPhase": 3,
              "isComposing": false,
              "isTrusted": true,
              "key": "Backspace",
              "keyCode": 8,
              "location": 0,
              "metaKey": false,
              "repeat": true,
              "returnValue": true,
              "shiftKey": false,
              "target": "textarea#textarea.undefined",
              "timeStamp": 9677300.410000002,
              "localTimeStamp": 1490324552001,
              "type": "keydown",
              "which": 8
            },
            {
              "altKey": false,
              "bubbles": true,
              "cancelBubble": false,
              "cancelable": true,
              "charCode": 0,
              "code": "Backspace",
              "composed": true,
              "ctrlKey": false,
              "defaultPrevented": false,
              "detail": 0,
              "eventPhase": 3,
              "isComposing": false,
              "isTrusted": true,
              "key": "Backspace",
              "keyCode": 8,
              "location": 0,
              "metaKey": false,
              "repeat": true,
              "returnValue": true,
              "shiftKey": false,
              "target": "textarea#textarea.undefined",
              "timeStamp": 9677384.870000001,
              "localTimeStamp": 1490324552086,
              "type": "keydown",
              "which": 8
            },
            {
              "altKey": false,
              "bubbles": true,
              "cancelBubble": false,
              "cancelable": true,
              "charCode": 0,
              "code": "Backspace",
              "composed": true,
              "ctrlKey": false,
              "defaultPrevented": false,
              "detail": 0,
              "eventPhase": 3,
              "isComposing": false,
              "isTrusted": true,
              "key": "Backspace",
              "keyCode": 8,
              "location": 0,
              "metaKey": false,
              "repeat": true,
              "returnValue": true,
              "shiftKey": false,
              "target": "textarea#textarea.undefined",
              "timeStamp": 9677469.365,
              "localTimeStamp": 1490324552170,
              "type": "keydown",
              "which": 8
            },
            {
              "altKey": false,
              "bubbles": true,
              "cancelBubble": false,
              "cancelable": true,
              "charCode": 0,
              "code": "Backspace",
              "composed": true,
              "ctrlKey": false,
              "defaultPrevented": false,
              "detail": 0,
              "eventPhase": 3,
              "isComposing": false,
              "isTrusted": true,
              "key": "Backspace",
              "keyCode": 8,
              "location": 0,
              "metaKey": false,
              "repeat": true,
              "returnValue": true,
              "shiftKey": false,
              "target": "textarea#textarea.undefined",
              "timeStamp": 9677553.855,
              "localTimeStamp": 1490324552255,
              "type": "keydown",
              "which": 8
            },
            {
              "altKey": false,
              "bubbles": true,
              "cancelBubble": false,
              "cancelable": true,
              "charCode": 0,
              "code": "Backspace",
              "composed": true,
              "ctrlKey": false,
              "defaultPrevented": false,
              "detail": 0,
              "eventPhase": 3,
              "isComposing": false,
              "isTrusted": true,
              "key": "Backspace",
              "keyCode": 8,
              "location": 0,
              "metaKey": false,
              "repeat": true,
              "returnValue": true,
              "shiftKey": false,
              "target": "textarea#textarea.undefined",
              "timeStamp": 9677637.940000001,
              "localTimeStamp": 1490324552339,
              "type": "keydown",
              "which": 8
            },
            {
              "altKey": false,
              "bubbles": true,
              "cancelBubble": false,
              "cancelable": true,
              "charCode": 0,
              "code": "Backspace",
              "composed": true,
              "ctrlKey": false,
              "defaultPrevented": false,
              "detail": 0,
              "eventPhase": 3,
              "isComposing": false,
              "isTrusted": true,
              "key": "Backspace",
              "keyCode": 8,
              "location": 0,
              "metaKey": false,
              "repeat": true,
              "returnValue": true,
              "shiftKey": false,
              "target": "textarea#textarea.undefined",
              "timeStamp": 9677722.435000002,
              "localTimeStamp": 1490324552423,
              "type": "keydown",
              "which": 8
            },
            {
              "altKey": false,
              "bubbles": true,
              "cancelBubble": false,
              "cancelable": true,
              "charCode": 0,
              "code": "Backspace",
              "composed": true,
              "ctrlKey": false,
              "defaultPrevented": false,
              "detail": 0,
              "eventPhase": 3,
              "isComposing": false,
              "isTrusted": true,
              "key": "Backspace",
              "keyCode": 8,
              "location": 0,
              "metaKey": false,
              "repeat": true,
              "returnValue": true,
              "shiftKey": false,
              "target": "textarea#textarea.undefined",
              "timeStamp": 9677806.975000001,
              "localTimeStamp": 1490324552508,
              "type": "keydown",
              "which": 8
            },
            {
              "altKey": false,
              "bubbles": true,
              "cancelBubble": false,
              "cancelable": true,
              "charCode": 0,
              "code": "Backspace",
              "composed": true,
              "ctrlKey": false,
              "defaultPrevented": false,
              "detail": 0,
              "eventPhase": 3,
              "isComposing": false,
              "isTrusted": true,
              "key": "Backspace",
              "keyCode": 8,
              "location": 0,
              "metaKey": false,
              "repeat": true,
              "returnValue": true,
              "shiftKey": false,
              "target": "textarea#textarea.undefined",
              "timeStamp": 9677891.465,
              "localTimeStamp": 1490324552592,
              "type": "keydown",
              "which": 8
            }
          ]
        },
        "Release": {
          "altKey": false,
          "bubbles": true,
          "cancelBubble": false,
          "cancelable": true,
          "charCode": 0,
          "code": "Backspace",
          "composed": true,
          "ctrlKey": false,
          "defaultPrevented": false,
          "detail": 0,
          "eventPhase": 3,
          "isComposing": false,
          "isTrusted": true,
          "key": "Backspace",
          "keyCode": 8,
          "location": 0,
          "metaKey": false,
          "repeat": false,
          "returnValue": true,
          "shiftKey": false,
          "target": "textarea#textarea.undefined",
          "timeStamp": 9677964.025,
          "localTimeStamp": 1490324552665,
          "type": "keyup",
          "which": 8
        }
      },
      "wrongKeyPair": true
    }
  ],
  "p5": [
    {
      "code": "Backspace-Backspace",
      "Press": 10327906.01,
      "Release": 10329089.870000001,
      "allData": {
        "Press": {
          "altKey": false,
          "bubbles": true,
          "cancelBubble": false,
          "cancelable": true,
          "charCode": 0,
          "code": "Backspace",
          "composed": true,
          "ctrlKey": false,
          "defaultPrevented": false,
          "detail": 0,
          "eventPhase": 3,
          "isComposing": false,
          "isTrusted": true,
          "key": "Backspace",
          "keyCode": 8,
          "location": 0,
          "metaKey": false,
          "repeat": false,
          "returnValue": true,
          "shiftKey": false,
          "target": "textarea#textarea.undefined",
          "timeStamp": 10327906.01,
          "localTimeStamp": 1490325202624,
          "type": "keydown",
          "which": 8,
          "pairedEvents": [
            {
              "altKey": false,
              "bubbles": true,
              "cancelBubble": false,
              "cancelable": true,
              "charCode": 0,
              "code": "Backspace",
              "composed": true,
              "ctrlKey": false,
              "defaultPrevented": false,
              "detail": 0,
              "eventPhase": 3,
              "isComposing": false,
              "isTrusted": true,
              "key": "Backspace",
              "keyCode": 8,
              "location": 0,
              "metaKey": false,
              "repeat": true,
              "returnValue": true,
              "shiftKey": false,
              "target": "textarea#textarea.undefined",
              "timeStamp": 10328407.15,
              "localTimeStamp": 1490325203125,
              "type": "keydown",
              "which": 8
            },
            {
              "altKey": false,
              "bubbles": true,
              "cancelBubble": false,
              "cancelable": true,
              "charCode": 0,
              "code": "Backspace",
              "composed": true,
              "ctrlKey": false,
              "defaultPrevented": false,
              "detail": 0,
              "eventPhase": 3,
              "isComposing": false,
              "isTrusted": true,
              "key": "Backspace",
              "keyCode": 8,
              "location": 0,
              "metaKey": false,
              "repeat": true,
              "returnValue": true,
              "shiftKey": false,
              "target": "textarea#textarea.undefined",
              "timeStamp": 10328491.705,
              "localTimeStamp": 1490325203210,
              "type": "keydown",
              "which": 8
            },
            {
              "altKey": false,
              "bubbles": true,
              "cancelBubble": false,
              "cancelable": true,
              "charCode": 0,
              "code": "Backspace",
              "composed": true,
              "ctrlKey": false,
              "defaultPrevented": false,
              "detail": 0,
              "eventPhase": 3,
              "isComposing": false,
              "isTrusted": true,
              "key": "Backspace",
              "keyCode": 8,
              "location": 0,
              "metaKey": false,
              "repeat": true,
              "returnValue": true,
              "shiftKey": false,
              "target": "textarea#textarea.undefined",
              "timeStamp": 10328576.145000001,
              "localTimeStamp": 1490325203294,
              "type": "keydown",
              "which": 8
            },
            {
              "altKey": false,
              "bubbles": true,
              "cancelBubble": false,
              "cancelable": true,
              "charCode": 0,
              "code": "Backspace",
              "composed": true,
              "ctrlKey": false,
              "defaultPrevented": false,
              "detail": 0,
              "eventPhase": 3,
              "isComposing": false,
              "isTrusted": true,
              "key": "Backspace",
              "keyCode": 8,
              "location": 0,
              "metaKey": false,
              "repeat": true,
              "returnValue": true,
              "shiftKey": false,
              "target": "textarea#textarea.undefined",
              "timeStamp": 10328660.660000002,
              "localTimeStamp": 1490325203379,
              "type": "keydown",
              "which": 8
            },
            {
              "altKey": false,
              "bubbles": true,
              "cancelBubble": false,
              "cancelable": true,
              "charCode": 0,
              "code": "Backspace",
              "composed": true,
              "ctrlKey": false,
              "defaultPrevented": false,
              "detail": 0,
              "eventPhase": 3,
              "isComposing": false,
              "isTrusted": true,
              "key": "Backspace",
              "keyCode": 8,
              "location": 0,
              "metaKey": false,
              "repeat": true,
              "returnValue": true,
              "shiftKey": false,
              "target": "textarea#textarea.undefined",
              "timeStamp": 10328745.06,
              "localTimeStamp": 1490325203463,
              "type": "keydown",
              "which": 8
            },
            {
              "altKey": false,
              "bubbles": true,
              "cancelBubble": false,
              "cancelable": true,
              "charCode": 0,
              "code": "Backspace",
              "composed": true,
              "ctrlKey": false,
              "defaultPrevented": false,
              "detail": 0,
              "eventPhase": 3,
              "isComposing": false,
              "isTrusted": true,
              "key": "Backspace",
              "keyCode": 8,
              "location": 0,
              "metaKey": false,
              "repeat": true,
              "returnValue": true,
              "shiftKey": false,
              "target": "textarea#textarea.undefined",
              "timeStamp": 10328829.545,
              "localTimeStamp": 1490325203548,
              "type": "keydown",
              "which": 8
            },
            {
              "altKey": false,
              "bubbles": true,
              "cancelBubble": false,
              "cancelable": true,
              "charCode": 0,
              "code": "Backspace",
              "composed": true,
              "ctrlKey": false,
              "defaultPrevented": false,
              "detail": 0,
              "eventPhase": 3,
              "isComposing": false,
              "isTrusted": true,
              "key": "Backspace",
              "keyCode": 8,
              "location": 0,
              "metaKey": false,
              "repeat": true,
              "returnValue": true,
              "shiftKey": false,
              "target": "textarea#textarea.undefined",
              "timeStamp": 10328914.040000001,
              "localTimeStamp": 1490325203632,
              "type": "keydown",
              "which": 8
            },
            {
              "altKey": false,
              "bubbles": true,
              "cancelBubble": false,
              "cancelable": true,
              "charCode": 0,
              "code": "Backspace",
              "composed": true,
              "ctrlKey": false,
              "defaultPrevented": false,
              "detail": 0,
              "eventPhase": 3,
              "isComposing": false,
              "isTrusted": true,
              "key": "Backspace",
              "keyCode": 8,
              "location": 0,
              "metaKey": false,
              "repeat": true,
              "returnValue": true,
              "shiftKey": false,
              "target": "textarea#textarea.undefined",
              "timeStamp": 10328998.540000001,
              "localTimeStamp": 1490325203717,
              "type": "keydown",
              "which": 8
            },
            {
              "altKey": false,
              "bubbles": true,
              "cancelBubble": false,
              "cancelable": true,
              "charCode": 0,
              "code": "Backspace",
              "composed": true,
              "ctrlKey": false,
              "defaultPrevented": false,
              "detail": 0,
              "eventPhase": 3,
              "isComposing": false,
              "isTrusted": true,
              "key": "Backspace",
              "keyCode": 8,
              "location": 0,
              "metaKey": false,
              "repeat": true,
              "returnValue": true,
              "shiftKey": false,
              "target": "textarea#textarea.undefined",
              "timeStamp": 10329083.040000001,
              "localTimeStamp": 1490325203801,
              "type": "keydown",
              "which": 8
            }
          ]
        },
        "Release": {
          "altKey": false,
          "bubbles": true,
          "cancelBubble": false,
          "cancelable": true,
          "charCode": 0,
          "code": "Backspace",
          "composed": true,
          "ctrlKey": false,
          "defaultPrevented": false,
          "detail": 0,
          "eventPhase": 3,
          "isComposing": false,
          "isTrusted": true,
          "key": "Backspace",
          "keyCode": 8,
          "location": 0,
          "metaKey": false,
          "repeat": false,
          "returnValue": true,
          "shiftKey": false,
          "target": "textarea#textarea.undefined",
          "timeStamp": 10329089.870000001,
          "localTimeStamp": 1490325203808,
          "type": "keyup",
          "which": 8
        }
      },
      "wrongKeyPair": true
    }
  ],
  "p6": []
}