{
  "count": {
    "Backspace-Backspace": 5
  },
  "p1": [],
  "p2": [],
  "p3": [],
  "p4": [
    {
      "code": "Backspace-Backspace",
      "Press": 391931.59,
      "Release": 392647.895,
      "allData": {
        "Press": {
          "altKey": false,
          "bubbles": true,
          "cancelBubble": false,
          "cancelable": true,
          "charCode": 0,
          "code": "Backspace",
          "composed": true,
          "ctrlKey": false,
          "defaultPrevented": false,
          "detail": 0,
          "eventPhase": 3,
          "isComposing": false,
          "isTrusted": true,
          "key": "Backspace",
          "keyCode": 8,
          "location": 0,
          "metaKey": false,
          "repeat": false,
          "returnValue": true,
          "shiftKey": false,
          "target": "textarea#textarea.undefined",
          "timeStamp": 391931.59,
          "localTimeStamp": 1490642796836,
          "type": "keydown",
          "which": 8,
          "pairedEvents": [
            {
              "altKey": false,
              "bubbles": true,
              "cancelBubble": false,
              "cancelable": true,
              "charCode": 0,
              "code": "Backspace",
              "composed": true,
              "ctrlKey": false,
              "defaultPrevented": false,
              "detail": 0,
              "eventPhase": 3,
              "isComposing": false,
              "isTrusted": true,
              "key": "Backspace",
              "keyCode": 8,
              "location": 0,
              "metaKey": false,
              "repeat": true,
              "returnValue": true,
              "shiftKey": false,
              "target": "textarea#textarea.undefined",
              "timeStamp": 392492.10500000004,
              "localTimeStamp": 1490642797410,
              "type": "keydown",
              "which": 8
            },
            {
              "altKey": false,
              "bubbles": true,
              "cancelBubble": false,
              "cancelable": true,
              "charCode": 0,
              "code": "Backspace",
              "composed": true,
              "ctrlKey": false,
              "defaultPrevented": false,
              "detail": 0,
              "eventPhase": 3,
              "isComposing": false,
              "isTrusted": true,
              "key": "Backspace",
              "keyCode": 8,
              "location": 0,
              "metaKey": false,
              "repeat": true,
              "returnValue": true,
              "shiftKey": false,
              "target": "textarea#textarea.undefined",
              "timeStamp": 392525.835,
              "localTimeStamp": 1490642797445,
              "type": "keydown",
              "which": 8
            },
            {
              "altKey": false,
              "bubbles": true,
              "cancelBubble": false,
              "cancelable": true,
              "charCode": 0,
              "code": "Backspace",
              "composed": true,
              "ctrlKey": false,
              "defaultPrevented": false,
              "detail": 0,
              "eventPhase": 3,
              "isComposing": false,
              "isTrusted": true,
              "key": "Backspace",
              "keyCode": 8,
              "location": 0,
              "metaKey": false,
              "repeat": true,
              "returnValue": true,
              "shiftKey": false,
              "target": "textarea#textarea.undefined",
              "timeStamp": 392560.175,
              "localTimeStamp": 1490642797478,
              "type": "keydown",
              "which": 8
            },
            {
              "altKey": false,
              "bubbles": true,
              "cancelBubble": false,
              "cancelable": true,
              "charCode": 0,
              "code": "Backspace",
              "composed": true,
              "ctrlKey": false,
              "defaultPrevented": false,
              "detail": 0,
              "eventPhase": 3,
              "isComposing": false,
              "isTrusted": true,
              "key": "Backspace",
              "keyCode": 8,
              "location": 0,
              "metaKey": false,
              "repeat": true,
              "returnValue": true,
              "shiftKey": false,
              "target": "textarea#textarea.undefined",
              "timeStamp": 392594.825,
              "localTimeStamp": 1490642797513,
              "type": "keydown",
              "which": 8
            },
            {
              "altKey": false,
              "bubbles": true,
              "cancelBubble": false,
              "cancelable": true,
              "charCode": 0,
              "code": "Backspace",
              "composed": true,
              "ctrlKey": false,
              "defaultPrevented": false,
              "detail": 0,
              "eventPhase": 3,
              "isComposing": false,
              "isTrusted": true,
              "key": "Backspace",
              "keyCode": 8,
              "location": 0,
              "metaKey": false,
              "repeat": true,
              "returnValue": true,
              "shiftKey": false,
              "target": "textarea#textarea.undefined",
              "timeStamp": 392628.72500000003,
              "localTimeStamp": 1490642797547,
              "type": "keydown",
              "which": 8
            }
          ]
        },
        "Release": {
          "altKey": false,
          "bubbles": true,
          "cancelBubble": false,
          "cancelable": true,
          "charCode": 0,
          "code": "Backspace",
          "composed": true,
          "ctrlKey": false,
          "defaultPrevented": false,
          "detail": 0,
          "eventPhase": 3,
          "isComposing": false,
          "isTrusted": true,
          "key": "Backspace",
          "keyCode": 8,
          "location": 0,
          "metaKey": false,
          "repeat": false,
          "returnValue": true,
          "shiftKey": false,
          "target": "textarea#textarea.undefined",
          "timeStamp": 392647.895,
          "localTimeStamp": 1490642797567,
          "type": "keyup",
          "which": 8
        }
      },
      "wrongKeyPair": true
    },
    {
      "code": "Backspace-Backspace",
      "Press": 451039.46,
      "Release": 451719.54000000004,
      "allData": {
        "Press": {
          "altKey": false,
          "bubbles": true,
          "cancelBubble": false,
          "cancelable": true,
          "charCode": 0,
          "code": "Backspace",
          "composed": true,
          "ctrlKey": false,
          "defaultPrevented": false,
          "detail": 0,
          "eventPhase": 3,
          "isComposing": false,
          "isTrusted": true,
          "key": "Backspace",
          "keyCode": 8,
          "location": 0,
          "metaKey": false,
          "repeat": false,
          "returnValue": true,
          "shiftKey": false,
          "target": "textarea#textarea.undefined",
          "timeStamp": 451039.46,
          "localTimeStamp": 1490642855948,
          "type": "keydown",
          "which": 8,
          "pairedEvents": [
            {
              "altKey": false,
              "bubbles": true,
              "cancelBubble": false,
              "cancelable": true,
              "charCode": 0,
              "code": "Backspace",
              "composed": true,
              "ctrlKey": false,
              "defaultPrevented": false,
              "detail": 0,
              "eventPhase": 3,
              "isComposing": false,
              "isTrusted": true,
              "key": "Backspace",
              "keyCode": 8,
              "location": 0,
              "metaKey": false,
              "repeat": true,
              "returnValue": true,
              "shiftKey": false,
              "target": "textarea#textarea.undefined",
              "timeStamp": 451594.21,
              "localTimeStamp": 1490642856514,
              "type": "keydown",
              "which": 8
            },
            {
              "altKey": false,
              "bubbles": true,
              "cancelBubble": false,
              "cancelable": true,
              "charCode": 0,
              "code": "Backspace",
              "composed": true,
              "ctrlKey": false,
              "defaultPrevented": false,
              "detail": 0,
              "eventPhase": 3,
              "isComposing": false,
              "isTrusted": true,
              "key": "Backspace",
              "keyCode": 8,
              "location": 0,
              "metaKey": false,
              "repeat": true,
              "returnValue": true,
              "shiftKey": false,
              "target": "textarea#textarea.undefined",
              "timeStamp": 451628.36500000005,
              "localTimeStamp": 1490642856548,
              "type": "keydown",
              "which": 8
            },
            {
              "altKey": false,
              "bubbles": true,
              "cancelBubble": false,
              "cancelable": true,
              "charCode": 0,
              "code": "Backspace",
              "composed": true,
              "ctrlKey": false,
              "defaultPrevented": false,
              "detail": 0,
              "eventPhase": 3,
              "isComposing": false,
              "isTrusted": true,
              "key": "Backspace",
              "keyCode": 8,
              "location": 0,
              "metaKey": false,
              "repeat": true,
              "returnValue": true,
              "shiftKey": false,
              "target": "textarea#textarea.undefined",
              "timeStamp": 451661.1550000001,
              "localTimeStamp": 1490642856581,
              "type": "keydown",
              "which": 8
            },
            {
              "altKey": false,
              "bubbles": true,
              "cancelBubble": false,
              "cancelable": true,
              "charCode": 0,
              "code": "Backspace",
              "composed": true,
              "ctrlKey": false,
              "defaultPrevented": false,
              "detail": 0,
              "eventPhase": 3,
              "isComposing": false,
              "isTrusted": true,
              "key": "Backspace",
              "keyCode": 8,
              "location": 0,
              "metaKey": false,
              "repeat": true,
              "returnValue": true,
              "shiftKey": false,
              "target": "textarea#textarea.undefined",
              "timeStamp": 451694.02,
              "localTimeStamp": 1490642856613,
              "type": "keydown",
              "which": 8
            }
          ]
        },
        "Release": {
          "altKey": false,
          "bubbles": true,
          "cancelBubble": false,
          "cancelable": true,
          "charCode": 0,
          "code": "Backspace",
          "composed": true,
          "ctrlKey": false,
          "defaultPrevented": false,
          "detail": 0,
          "eventPhase": 3,
          "isComposing": false,
          "isTrusted": true,
          "key": "Backspace",
          "keyCode": 8,
          "location": 0,
          "metaKey": false,
          "repeat": false,
          "returnValue": true,
          "shiftKey": false,
          "target": "textarea#textarea.undefined",
          "timeStamp": 451719.54000000004,
          "localTimeStamp": 1490642856639,
          "type": "keyup",
          "which": 8
        }
      },
      "wrongKeyPair": true
    },
    {
      "code": "Backspace-Backspace",
      "Press": 531566.28,
      "Release": 532348.3300000001,
      "allData": {
        "Press": {
          "altKey": false,
          "bubbles": true,
          "cancelBubble": false,
          "cancelable": true,
          "charCode": 0,
          "code": "Backspace",
          "composed": true,
          "ctrlKey": false,
          "defaultPrevented": false,
          "detail": 0,
          "eventPhase": 3,
          "isComposing": false,
          "isTrusted": true,
          "key": "Backspace",
          "keyCode": 8,
          "location": 0,
          "metaKey": false,
          "repeat": false,
          "returnValue": true,
          "shiftKey": false,
          "target": "textarea#textarea.undefined",
          "timeStamp": 531566.28,
          "localTimeStamp": 1490642936476,
          "type": "keydown",
          "which": 8,
          "pairedEvents": [
            {
              "altKey": false,
              "bubbles": true,
              "cancelBubble": false,
              "cancelable": true,
              "charCode": 0,
              "code": "Backspace",
              "composed": true,
              "ctrlKey": false,
              "defaultPrevented": false,
              "detail": 0,
              "eventPhase": 3,
              "isComposing": false,
              "isTrusted": true,
              "key": "Backspace",
              "keyCode": 8,
              "location": 0,
              "metaKey": false,
              "repeat": true,
              "returnValue": true,
              "shiftKey": false,
              "target": "textarea#textarea.undefined",
              "timeStamp": 532122.2350000001,
              "localTimeStamp": 1490642937041,
              "type": "keydown",
              "which": 8
            },
            {
              "altKey": false,
              "bubbles": true,
              "cancelBubble": false,
              "cancelable": true,
              "charCode": 0,
              "code": "Backspace",
              "composed": true,
              "ctrlKey": false,
              "defaultPrevented": false,
              "detail": 0,
              "eventPhase": 3,
              "isComposing": false,
              "isTrusted": true,
              "key": "Backspace",
              "keyCode": 8,
              "location": 0,
              "metaKey": false,
              "repeat": true,
              "returnValue": true,
              "shiftKey": false,
              "target": "textarea#textarea.undefined",
              "timeStamp": 532156.5800000001,
              "localTimeStamp": 1490642937075,
              "type": "keydown",
              "which": 8
            },
            {
              "altKey": false,
              "bubbles": true,
              "cancelBubble": false,
              "cancelable": true,
              "charCode": 0,
              "code": "Backspace",
              "composed": true,
              "ctrlKey": false,
              "defaultPrevented": false,
              "detail": 0,
              "eventPhase": 3,
              "isComposing": false,
              "isTrusted": true,
              "key": "Backspace",
              "keyCode": 8,
              "location": 0,
              "metaKey": false,
              "repeat": true,
              "returnValue": true,
              "shiftKey": false,
              "target": "textarea#textarea.undefined",
              "timeStamp": 532189.1950000001,
              "localTimeStamp": 1490642937108,
              "type": "keydown",
              "which": 8
            },
            {
              "altKey": false,
              "bubbles": true,
              "cancelBubble": false,
              "cancelable": true,
              "charCode": 0,
              "code": "Backspace",
              "composed": true,
              "ctrlKey": false,
              "defaultPrevented": false,
              "detail": 0,
              "eventPhase": 3,
              "isComposing": false,
              "isTrusted": true,
              "key": "Backspace",
              "keyCode": 8,
              "location": 0,
              "metaKey": false,
              "repeat": true,
              "returnValue": true,
              "shiftKey": false,
              "target": "textarea#textarea.undefined",
              "timeStamp": 532224.8850000001,
              "localTimeStamp": 1490642937143,
              "type": "keydown",
              "which": 8
            },
            {
              "altKey": false,
              "bubbles": true,
              "cancelBubble": false,
              "cancelable": true,
              "charCode": 0,
              "code": "Backspace",
              "composed": true,
              "ctrlKey": false,
              "defaultPrevented": false,
              "detail": 0,
              "eventPhase": 3,
              "isComposing": false,
              "isTrusted": true,
              "key": "Backspace",
              "keyCode": 8,
              "location": 0,
              "metaKey": false,
              "repeat": true,
              "returnValue": true,
              "shiftKey": false,
              "target": "textarea#textarea.undefined",
              "timeStamp": 532259.22,
              "localTimeStamp": 1490642937178,
              "type": "keydown",
              "which": 8
            },
            {
              "altKey": false,
              "bubbles": true,
              "cancelBubble": false,
              "cancelable": true,
              "charCode": 0,
              "code": "Backspace",
              "composed": true,
              "ctrlKey": false,
              "defaultPrevented": false,
              "detail": 0,
              "eventPhase": 3,
              "isComposing": false,
              "isTrusted": true,
              "key": "Backspace",
              "keyCode": 8,
              "location": 0,
              "metaKey": false,
              "repeat": true,
              "returnValue": true,
              "shiftKey": false,
              "target": "textarea#textarea.undefined",
              "timeStamp": 532291.7,
              "localTimeStamp": 1490642937209,
              "type": "keydown",
              "which": 8
            },
            {
              "altKey": false,
              "bubbles": true,
              "cancelBubble": false,
              "cancelable": true,
              "charCode": 0,
              "code": "Backspace",
              "composed": true,
              "ctrlKey": false,
              "defaultPrevented": false,
              "detail": 0,
              "eventPhase": 3,
              "isComposing": false,
              "isTrusted": true,
              "key": "Backspace",
              "keyCode": 8,
              "location": 0,
              "metaKey": false,
              "repeat": true,
              "returnValue": true,
              "shiftKey": false,
              "target": "textarea#textarea.undefined",
              "timeStamp": 532327.355,
              "localTimeStamp": 1490642937246,
              "type": "keydown",
              "which": 8
            }
          ]
        },
        "Release": {
          "altKey": false,
          "bubbles": true,
          "cancelBubble": false,
          "cancelable": true,
          "charCode": 0,
          "code": "Backspace",
          "composed": true,
          "ctrlKey": false,
          "defaultPrevented": false,
          "detail": 0,
          "eventPhase": 3,
          "isComposing": false,
          "isTrusted": true,
          "key": "Backspace",
          "keyCode": 8,
          "location": 0,
          "metaKey": false,
          "repeat": false,
          "returnValue": true,
          "shiftKey": false,
          "target": "textarea#textarea.undefined",
          "timeStamp": 532348.3300000001,
          "localTimeStamp": 1490642937267,
          "type": "keyup",
          "which": 8
        }
      },
      "wrongKeyPair": true
    },
    {
      "code": "Backspace-Backspace",
      "Press": 557273.36,
      "Release": 558118.205,
      "allData": {
        "Press": {
          "altKey": false,
          "bubbles": true,
          "cancelBubble": false,
          "cancelable": true,
          "charCode": 0,
          "code": "Backspace",
          "composed": true,
          "ctrlKey": false,
          "defaultPrevented": false,
          "detail": 0,
          "eventPhase": 3,
          "isComposing": false,
          "isTrusted": true,
          "key": "Backspace",
          "keyCode": 8,
          "location": 0,
          "metaKey": false,
          "repeat": false,
          "returnValue": true,
          "shiftKey": false,
          "target": "textarea#textarea.undefined",
          "timeStamp": 557273.36,
          "localTimeStamp": 1490642962179,
          "type": "keydown",
          "which": 8,
          "pairedEvents": [
            {
              "altKey": false,
              "bubbles": true,
              "cancelBubble": false,
              "cancelable": true,
              "charCode": 0,
              "code": "Backspace",
              "composed": true,
              "ctrlKey": false,
              "defaultPrevented": false,
              "detail": 0,
              "eventPhase": 3,
              "isComposing": false,
              "isTrusted": true,
              "key": "Backspace",
              "keyCode": 8,
              "location": 0,
              "metaKey": false,
              "repeat": true,
              "returnValue": true,
              "shiftKey": false,
              "target": "textarea#textarea.undefined",
              "timeStamp": 557828.875,
              "localTimeStamp": 1490642962748,
              "type": "keydown",
              "which": 8
            },
            {
              "altKey": false,
              "bubbles": true,
              "cancelBubble": false,
              "cancelable": true,
              "charCode": 0,
              "code": "Backspace",
              "composed": true,
              "ctrlKey": false,
              "defaultPrevented": false,
              "detail": 0,
              "eventPhase": 3,
              "isComposing": false,
              "isTrusted": true,
              "key": "Backspace",
              "keyCode": 8,
              "location": 0,
              "metaKey": false,
              "repeat": true,
              "returnValue": true,
              "shiftKey": false,
              "target": "textarea#textarea.undefined",
              "timeStamp": 557862.77,
              "localTimeStamp": 1490642962782,
              "type": "keydown",
              "which": 8
            },
            {
              "altKey": false,
              "bubbles": true,
              "cancelBubble": false,
              "cancelable": true,
              "charCode": 0,
              "code": "Backspace",
              "composed": true,
              "ctrlKey": false,
              "defaultPrevented": false,
              "detail": 0,
              "eventPhase": 3,
              "isComposing": false,
              "isTrusted": true,
              "key": "Backspace",
              "keyCode": 8,
              "location": 0,
              "metaKey": false,
              "repeat": true,
              "returnValue": true,
              "shiftKey": false,
              "target": "textarea#textarea.undefined",
              "timeStamp": 557895.115,
              "localTimeStamp": 1490642962814,
              "type": "keydown",
              "which": 8
            },
            {
              "altKey": false,
              "bubbles": true,
              "cancelBubble": false,
              "cancelable": true,
              "charCode": 0,
              "code": "Backspace",
              "composed": true,
              "ctrlKey": false,
              "defaultPrevented": false,
              "detail": 0,
              "eventPhase": 3,
              "isComposing": false,
              "isTrusted": true,
              "key": "Backspace",
              "keyCode": 8,
              "location": 0,
              "metaKey": false,
              "repeat": true,
              "returnValue": true,
              "shiftKey": false,
              "target": "textarea#textarea.undefined",
              "timeStamp": 557930.5800000001,
              "localTimeStamp": 1490642962850,
              "type": "keydown",
              "which": 8
            },
            {
              "altKey": false,
              "bubbles": true,
              "cancelBubble": false,
              "cancelable": true,
              "charCode": 0,
              "code": "Backspace",
              "composed": true,
              "ctrlKey": false,
              "defaultPrevented": false,
              "detail": 0,
              "eventPhase": 3,
              "isComposing": false,
              "isTrusted": true,
              "key": "Backspace",
              "keyCode": 8,
              "location": 0,
              "metaKey": false,
              "repeat": true,
              "returnValue": true,
              "shiftKey": false,
              "target": "textarea#textarea.undefined",
              "timeStamp": 557962.115,
              "localTimeStamp": 1490642962881,
              "type": "keydown",
              "which": 8
            },
            {
              "altKey": false,
              "bubbles": true,
              "cancelBubble": false,
              "cancelable": true,
              "charCode": 0,
              "code": "Backspace",
              "composed": true,
              "ctrlKey": false,
              "defaultPrevented": false,
              "detail": 0,
              "eventPhase": 3,
              "isComposing": false,
              "isTrusted": true,
              "key": "Backspace",
              "keyCode": 8,
              "location": 0,
              "metaKey": false,
              "repeat": true,
              "returnValue": true,
              "shiftKey": false,
              "target": "textarea#textarea.undefined",
              "timeStamp": 557995.9750000001,
              "localTimeStamp": 1490642962909,
              "type": "keydown",
              "which": 8
            },
            {
              "altKey": false,
              "bubbles": true,
              "cancelBubble": false,
              "cancelable": true,
              "charCode": 0,
              "code": "Backspace",
              "composed": true,
              "ctrlKey": false,
              "defaultPrevented": false,
              "detail": 0,
              "eventPhase": 3,
              "isComposing": false,
              "isTrusted": true,
              "key": "Backspace",
              "keyCode": 8,
              "location": 0,
              "metaKey": false,
              "repeat": true,
              "returnValue": true,
              "shiftKey": false,
              "target": "textarea#textarea.undefined",
              "timeStamp": 558029.5650000001,
              "localTimeStamp": 1490642962949,
              "type": "keydown",
              "which": 8
            },
            {
              "altKey": false,
              "bubbles": true,
              "cancelBubble": false,
              "cancelable": true,
              "charCode": 0,
              "code": "Backspace",
              "composed": true,
              "ctrlKey": false,
              "defaultPrevented": false,
              "detail": 0,
              "eventPhase": 3,
              "isComposing": false,
              "isTrusted": true,
              "key": "Backspace",
              "keyCode": 8,
              "location": 0,
              "metaKey": false,
              "repeat": true,
              "returnValue": true,
              "shiftKey": false,
              "target": "textarea#textarea.undefined",
              "timeStamp": 558061.5150000001,
              "localTimeStamp": 1490642962981,
              "type": "keydown",
              "which": 8
            },
            {
              "altKey": false,
              "bubbles": true,
              "cancelBubble": false,
              "cancelable": true,
              "charCode": 0,
              "code": "Backspace",
              "composed": true,
              "ctrlKey": false,
              "defaultPrevented": false,
              "detail": 0,
              "eventPhase": 3,
              "isComposing": false,
              "isTrusted": true,
              "key": "Backspace",
              "keyCode": 8,
              "location": 0,
              "metaKey": false,
              "repeat": true,
              "returnValue": true,
              "shiftKey": false,
              "target": "textarea#textarea.undefined",
              "timeStamp": 558096.12,
              "localTimeStamp": 1490642963016,
              "type": "keydown",
              "which": 8
            }
          ]
        },
        "Release": {
          "altKey": false,
          "bubbles": true,
          "cancelBubble": false,
          "cancelable": true,
          "charCode": 0,
          "code": "Backspace",
          "composed": true,
          "ctrlKey": false,
          "defaultPrevented": false,
          "detail": 0,
          "eventPhase": 3,
          "isComposing": false,
          "isTrusted": true,
          "key": "Backspace",
          "keyCode": 8,
          "location": 0,
          "metaKey": false,
          "repeat": false,
          "returnValue": true,
          "shiftKey": false,
          "target": "textarea#textarea.undefined",
          "timeStamp": 558118.205,
          "localTimeStamp": 1490642963038,
          "type": "keyup",
          "which": 8
        }
      },
      "wrongKeyPair": true
    },
    {
      "code": "Backspace-Backspace",
      "Press": 621812.16,
      "Release": 622893.92,
      "allData": {
        "Press": {
          "altKey": false,
          "bubbles": true,
          "cancelBubble": false,
          "cancelable": true,
          "charCode": 0,
          "code": "Backspace",
          "composed": true,
          "ctrlKey": false,
          "defaultPrevented": false,
          "detail": 0,
          "eventPhase": 3,
          "isComposing": false,
          "isTrusted": true,
          "key": "Backspace",
          "keyCode": 8,
          "location": 0,
          "metaKey": false,
          "repeat": false,
          "returnValue": true,
          "shiftKey": false,
          "target": "textarea#textarea.undefined",
          "timeStamp": 621812.16,
          "localTimeStamp": 1490643026722,
          "type": "keydown",
          "which": 8,
          "pairedEvents": [
            {
              "altKey": false,
              "bubbles": true,
              "cancelBubble": false,
              "cancelable": true,
              "charCode": 0,
              "code": "Backspace",
              "composed": true,
              "ctrlKey": false,
              "defaultPrevented": false,
              "detail": 0,
              "eventPhase": 3,
              "isComposing": false,
              "isTrusted": true,
              "key": "Backspace",
              "keyCode": 8,
              "location": 0,
              "metaKey": false,
              "repeat": true,
              "returnValue": true,
              "shiftKey": false,
              "target": "textarea#textarea.undefined",
              "timeStamp": 622367.425,
              "localTimeStamp": 1490643027287,
              "type": "keydown",
              "which": 8
            },
            {
              "altKey": false,
              "bubbles": true,
              "cancelBubble": false,
              "cancelable": true,
              "charCode": 0,
              "code": "Backspace",
              "composed": true,
              "ctrlKey": false,
              "defaultPrevented": false,
              "detail": 0,
              "eventPhase": 3,
              "isComposing": false,
              "isTrusted": true,
              "key": "Backspace",
              "keyCode": 8,
              "location": 0,
              "metaKey": false,
              "repeat": true,
              "returnValue": true,
              "shiftKey": false,
              "target": "textarea#textarea.undefined",
              "timeStamp": 622400.3,
              "localTimeStamp": 1490643027320,
              "type": "keydown",
              "which": 8
            },
            {
              "altKey": false,
              "bubbles": true,
              "cancelBubble": false,
              "cancelable": true,
              "charCode": 0,
              "code": "Backspace",
              "composed": true,
              "ctrlKey": false,
              "defaultPrevented": false,
              "detail": 0,
              "eventPhase": 3,
              "isComposing": false,
              "isTrusted": true,
              "key": "Backspace",
              "keyCode": 8,
              "location": 0,
              "metaKey": false,
              "repeat": true,
              "returnValue": true,
              "shiftKey": false,
              "target": "textarea#textarea.undefined",
              "timeStamp": 622434.2050000001,
              "localTimeStamp": 1490643027354,
              "type": "keydown",
              "which": 8
            },
            {
              "altKey": false,
              "bubbles": true,
              "cancelBubble": false,
              "cancelable": true,
              "charCode": 0,
              "code": "Backspace",
              "composed": true,
              "ctrlKey": false,
              "defaultPrevented": false,
              "detail": 0,
              "eventPhase": 3,
              "isComposing": false,
              "isTrusted": true,
              "key": "Backspace",
              "keyCode": 8,
              "location": 0,
              "metaKey": false,
              "repeat": true,
              "returnValue": true,
              "shiftKey": false,
              "target": "textarea#textarea.undefined",
              "timeStamp": 622467.18,
              "localTimeStamp": 1490643027386,
              "type": "keydown",
              "which": 8
            },
            {
              "altKey": false,
              "bubbles": true,
              "cancelBubble": false,
              "cancelable": true,
              "charCode": 0,
              "code": "Backspace",
              "composed": true,
              "ctrlKey": false,
              "defaultPrevented": false,
              "detail": 0,
              "eventPhase": 3,
              "isComposing": false,
              "isTrusted": true,
              "key": "Backspace",
              "keyCode": 8,
              "location": 0,
              "metaKey": false,
              "repeat": true,
              "returnValue": true,
              "shiftKey": false,
              "target": "textarea#textarea.undefined",
              "timeStamp": 622501.055,
              "localTimeStamp": 1490643027421,
              "type": "keydown",
              "which": 8
            },
            {
              "altKey": false,
              "bubbles": true,
              "cancelBubble": false,
              "cancelable": true,
              "charCode": 0,
              "code": "Backspace",
              "composed": true,
              "ctrlKey": false,
              "defaultPrevented": false,
              "detail": 0,
              "eventPhase": 3,
              "isComposing": false,
              "isTrusted": true,
              "key": "Backspace",
              "keyCode": 8,
              "location": 0,
              "metaKey": false,
              "repeat": true,
              "returnValue": true,
              "shiftKey": false,
              "target": "textarea#textarea.undefined",
              "timeStamp": 622535.3650000001,
              "localTimeStamp": 1490643027455,
              "type": "keydown",
              "which": 8
            },
            {
              "altKey": false,
              "bubbles": true,
              "cancelBubble": false,
              "cancelable": true,
              "charCode": 0,
              "code": "Backspace",
              "composed": true,
              "ctrlKey": false,
              "defaultPrevented": false,
              "detail": 0,
              "eventPhase": 3,
              "isComposing": false,
              "isTrusted": true,
              "key": "Backspace",
              "keyCode": 8,
              "location": 0,
              "metaKey": false,
              "repeat": true,
              "returnValue": true,
              "shiftKey": false,
              "target": "textarea#textarea.undefined",
              "timeStamp": 622567.985,
              "localTimeStamp": 1490643027487,
              "type": "keydown",
              "which": 8
            },
            {
              "altKey": false,
              "bubbles": true,
              "cancelBubble": false,
              "cancelable": true,
              "charCode": 0,
              "code": "Backspace",
              "composed": true,
              "ctrlKey": false,
              "defaultPrevented": false,
              "detail": 0,
              "eventPhase": 3,
              "isComposing": false,
              "isTrusted": true,
              "key": "Backspace",
              "keyCode": 8,
              "location": 0,
              "metaKey": false,
              "repeat": true,
              "returnValue": true,
              "shiftKey": false,
              "target": "textarea#textarea.undefined",
              "timeStamp": 622603.8300000001,
              "localTimeStamp": 1490643027524,
              "type": "keydown",
              "which": 8
            },
            {
              "altKey": false,
              "bubbles": true,
              "cancelBubble": false,
              "cancelable": true,
              "charCode": 0,
              "code": "Backspace",
              "composed": true,
              "ctrlKey": false,
              "defaultPrevented": false,
              "detail": 0,
              "eventPhase": 3,
              "isComposing": false,
              "isTrusted": true,
              "key": "Backspace",
              "keyCode": 8,
              "location": 0,
              "metaKey": false,
              "repeat": true,
              "returnValue": true,
              "shiftKey": false,
              "target": "textarea#textarea.undefined",
              "timeStamp": 622638.41,
              "localTimeStamp": 1490643027558,
              "type": "keydown",
              "which": 8
            },
            {
              "altKey": false,
              "bubbles": true,
              "cancelBubble": false,
              "cancelable": true,
              "charCode": 0,
              "code": "Backspace",
              "composed": true,
              "ctrlKey": false,
              "defaultPrevented": false,
              "detail": 0,
              "eventPhase": 3,
              "isComposing": false,
              "isTrusted": true,
              "key": "Backspace",
              "keyCode": 8,
              "location": 0,
              "metaKey": false,
              "repeat": true,
              "returnValue": true,
              "shiftKey": false,
              "target": "textarea#textarea.undefined",
              "timeStamp": 622670.5300000001,
              "localTimeStamp": 1490643027590,
              "type": "keydown",
              "which": 8
            },
            {
              "altKey": false,
              "bubbles": true,
              "cancelBubble": false,
              "cancelable": true,
              "charCode": 0,
              "code": "Backspace",
              "composed": true,
              "ctrlKey": false,
              "defaultPrevented": false,
              "detail": 0,
              "eventPhase": 3,
              "isComposing": false,
              "isTrusted": true,
              "key": "Backspace",
              "keyCode": 8,
              "location": 0,
              "metaKey": false,
              "repeat": true,
              "returnValue": true,
              "shiftKey": false,
              "target": "textarea#textarea.undefined",
              "timeStamp": 622706.255,
              "localTimeStamp": 1490643027626,
              "type": "keydown",
              "which": 8
            },
            {
              "altKey": false,
              "bubbles": true,
              "cancelBubble": false,
              "cancelable": true,
              "charCode": 0,
              "code": "Backspace",
              "composed": true,
              "ctrlKey": false,
              "defaultPrevented": false,
              "detail": 0,
              "eventPhase": 3,
              "isComposing": false,
              "isTrusted": true,
              "key": "Backspace",
              "keyCode": 8,
              "location": 0,
              "metaKey": false,
              "repeat": true,
              "returnValue": true,
              "shiftKey": false,
              "target": "textarea#textarea.undefined",
              "timeStamp": 622738.055,
              "localTimeStamp": 1490643027657,
              "type": "keydown",
              "which": 8
            },
            {
              "altKey": false,
              "bubbles": true,
              "cancelBubble": false,
              "cancelable": true,
              "charCode": 0,
              "code": "Backspace",
              "composed": true,
              "ctrlKey": false,
              "defaultPrevented": false,
              "detail": 0,
              "eventPhase": 3,
              "isComposing": false,
              "isTrusted": true,
              "key": "Backspace",
              "keyCode": 8,
              "location": 0,
              "metaKey": false,
              "repeat": true,
              "returnValue": true,
              "shiftKey": false,
              "target": "textarea#textarea.undefined",
              "timeStamp": 622771.615,
              "localTimeStamp": 1490643027692,
              "type": "keydown",
              "which": 8
            },
            {
              "altKey": false,
              "bubbles": true,
              "cancelBubble": false,
              "cancelable": true,
              "charCode": 0,
              "code": "Backspace",
              "composed": true,
              "ctrlKey": false,
              "defaultPrevented": false,
              "detail": 0,
              "eventPhase": 3,
              "isComposing": false,
              "isTrusted": true,
              "key": "Backspace",
              "keyCode": 8,
              "location": 0,
              "metaKey": false,
              "repeat": true,
              "returnValue": true,
              "shiftKey": false,
              "target": "textarea#textarea.undefined",
              "timeStamp": 622804.2350000001,
              "localTimeStamp": 1490643027724,
              "type": "keydown",
              "which": 8
            },
            {
              "altKey": false,
              "bubbles": true,
              "cancelBubble": false,
              "cancelable": true,
              "charCode": 0,
              "code": "Backspace",
              "composed": true,
              "ctrlKey": false,
              "defaultPrevented": false,
              "detail": 0,
              "eventPhase": 3,
              "isComposing": false,
              "isTrusted": true,
              "key": "Backspace",
              "keyCode": 8,
              "location": 0,
              "metaKey": false,
              "repeat": true,
              "returnValue": true,
              "shiftKey": false,
              "target": "textarea#textarea.undefined",
              "timeStamp": 622837.76,
              "localTimeStamp": 1490643027757,
              "type": "keydown",
              "which": 8
            },
            {
              "altKey": false,
              "bubbles": true,
              "cancelBubble": false,
              "cancelable": true,
              "charCode": 0,
              "code": "Backspace",
              "composed": true,
              "ctrlKey": false,
              "defaultPrevented": false,
              "detail": 0,
              "eventPhase": 3,
              "isComposing": false,
              "isTrusted": true,
              "key": "Backspace",
              "keyCode": 8,
              "location": 0,
              "metaKey": false,
              "repeat": true,
              "returnValue": true,
              "shiftKey": false,
              "target": "textarea#textarea.undefined",
              "timeStamp": 622872.165,
              "localTimeStamp": 1490643027791,
              "type": "keydown",
              "which": 8
            }
          ]
        },
        "Release": {
          "altKey": false,
          "bubbles": true,
          "cancelBubble": false,
          "cancelable": true,
          "charCode": 0,
          "code": "Backspace",
          "composed": true,
          "ctrlKey": false,
          "defaultPrevented": false,
          "detail": 0,
          "eventPhase": 3,
          "isComposing": false,
          "isTrusted": true,
          "key": "Backspace",
          "keyCode": 8,
          "location": 0,
          "metaKey": false,
          "repeat": false,
          "returnValue": true,
          "shiftKey": false,
          "target": "textarea#textarea.undefined",
          "timeStamp": 622893.92,
          "localTimeStamp": 1490643027814,
          "type": "keyup",
          "which": 8
        }
      },
      "wrongKeyPair": true
    }
  ],
  "p5": [],
  "p6": []
}