{
  "p1": {
    "Release_To_Press": {
      "NaN": {
        "FlightTime": [
          20,
          80,
          142,
          68,
          100,
          104,
          84,
          72,
          352,
          111,
          272,
          68,
          44,
          48,
          0,
          12,
          304,
          109,
          60,
          72,
          40,
          24,
          24,
          232,
          104,
          44,
          60,
          455,
          391,
          24,
          70,
          588,
          7,
          508,
          75,
          68,
          30,
          30,
          948,
          96,
          16,
          285,
          4,
          60,
          14,
          104,
          64,
          223,
          72,
          56,
          60,
          142,
          40,
          96,
          294,
          112,
          83,
          82,
          541,
          4,
          32,
          144,
          60,
          56,
          68,
          242,
          116,
          189,
          8,
          76,
          140,
          15,
          7,
          345,
          105,
          105,
          2421,
          63,
          279,
          4,
          2380,
          0,
          346,
          124,
          27,
          82,
          630,
          48,
          316,
          4,
          90,
          421,
          63,
          28,
          36,
          40,
          93,
          84,
          84,
          36,
          45,
          138,
          52,
          84,
          36,
          28,
          112,
          40,
          12,
          28,
          48,
          78,
          76,
          69,
          137,
          35,
          110,
          8,
          213,
          71,
          29,
          21,
          595,
          72,
          36,
          143,
          359,
          104,
          44,
          618,
          793,
          44,
          36,
          56,
          52,
          28,
          18,
          41,
          11,
          52,
          36,
          28,
          60,
          135,
          128,
          36,
          48,
          88,
          40,
          48,
          158,
          100,
          117,
          24,
          91,
          154,
          76,
          69,
          28,
          555,
          193,
          161,
          1600,
          48,
          179,
          289,
          162,
          16,
          139,
          92,
          68,
          116,
          96,
          91,
          102,
          484,
          496,
          649,
          211,
          102,
          12,
          0,
          690,
          120,
          595,
          221,
          167,
          895,
          234,
          12,
          68,
          32,
          56,
          696,
          708,
          62,
          117,
          113,
          12,
          58,
          121,
          76,
          30,
          40,
          356,
          92,
          77,
          24,
          0,
          8,
          14,
          712,
          162,
          80,
          124,
          68,
          308,
          28,
          101,
          118,
          64,
          60,
          48,
          93,
          39,
          365,
          40,
          28,
          24,
          49,
          4,
          78,
          13,
          0,
          856,
          104,
          224,
          199,
          176,
          8,
          94,
          12,
          199,
          40,
          64,
          186,
          100,
          423,
          131,
          53,
          60,
          132,
          52,
          80,
          112,
          80,
          40,
          80,
          286,
          19,
          342,
          111,
          0,
          8,
          14,
          230,
          129,
          104,
          207,
          8,
          23,
          398,
          32,
          12,
          58,
          115,
          56,
          138,
          68,
          118,
          12,
          133,
          261,
          146,
          45,
          12,
          263,
          81,
          83,
          74,
          65,
          74,
          86,
          92,
          59,
          65,
          60,
          81,
          102,
          668,
          64,
          16,
          36,
          52,
          24,
          64,
          338,
          60,
          440,
          67,
          287,
          446,
          313,
          902
        ]
      }
    },
    "Release_To_Release": {
      "NaN": {
        "FlightTime": [
          68,
          84,
          255,
          92,
          128,
          124,
          88,
          80,
          444,
          175,
          392,
          104,
          52,
          112,
          52,
          64,
          440,
          173,
          108,
          88,
          52,
          76,
          36,
          316,
          160,
          128,
          76,
          591,
          539,
          128,
          162,
          696,
          72,
          565,
          116,
          145,
          131,
          122,
          1041,
          96,
          56,
          354,
          44,
          64,
          110,
          180,
          88,
          323,
          136,
          64,
          96,
          222,
          104,
          96,
          386,
          152,
          211,
          214,
          649,
          72,
          76,
          180,
          76,
          72,
          80,
          350,
          176,
          313,
          24,
          88,
          256,
          59,
          136,
          421,
          174,
          226,
          2494,
          144,
          371,
          69,
          2464,
          80,
          426,
          208,
          99,
          174,
          730,
          56,
          524,
          132,
          194,
          493,
          136,
          80,
          104,
          47,
          153,
          136,
          115,
          108,
          120,
          258,
          56,
          120,
          100,
          48,
          116,
          116,
          28,
          92,
          84,
          131,
          113,
          138,
          226,
          139,
          158,
          60,
          257,
          159,
          157,
          37,
          691,
          120,
          36,
          255,
          463,
          192,
          108,
          750,
          929,
          92,
          52,
          112,
          92,
          140,
          190,
          121,
          83,
          116,
          145,
          60,
          80,
          216,
          176,
          88,
          108,
          108,
          128,
          72,
          303,
          201,
          233,
          72,
          231,
          234,
          200,
          185,
          76,
          631,
          321,
          229,
          1756,
          84,
          239,
          357,
          246,
          80,
          231,
          135,
          92,
          175,
          104,
          164,
          182,
          585,
          609,
          754,
          296,
          174,
          100,
          105,
          818,
          236,
          679,
          325,
          223,
          983,
          334,
          124,
          88,
          60,
          88,
          832,
          796,
          142,
          209,
          161,
          209,
          135,
          210,
          189,
          159,
          68,
          457,
          157,
          189,
          72,
          72,
          64,
          106,
          924,
          258,
          116,
          208,
          92,
          396,
          128,
          125,
          182,
          120,
          115,
          72,
          157,
          79,
          462,
          60,
          72,
          92,
          149,
          73,
          171,
          121,
          89,
          952,
          108,
          309,
          296,
          280,
          109,
          194,
          96,
          287,
          104,
          72,
          274,
          160,
          499,
          199,
          189,
          140,
          152,
          76,
          132,
          128,
          112,
          88,
          136,
          390,
          131,
          430,
          211,
          96,
          116,
          110,
          314,
          282,
          144,
          299,
          97,
          128,
          515,
          84,
          136,
          182,
          207,
          128,
          254,
          96,
          238,
          144,
          213,
          377,
          254,
          161,
          104,
          323,
          129,
          127,
          130,
          129,
          115,
          127,
          137,
          124,
          122,
          133,
          154,
          191,
          768,
          96,
          88,
          84,
          112,
          52,
          80,
          443,
          112,
          565,
          107,
          419,
          562,
          445,
          1031
        ]
      }
    },
    "Press_To_Press": {
      "NaN": {
        "FlightTime": [
          40,
          128,
          146,
          72,
          148,
          132,
          104,
          76,
          480,
          151,
          324,
          68,
          80,
          56,
          64,
          64,
          356,
          165,
          60,
          120,
          100,
          68,
          120,
          244,
          132,
          100,
          144,
          575,
          527,
          100,
          174,
          680,
          111,
          573,
          132,
          109,
          107,
          131,
          1040,
          180,
          104,
          358,
          56,
          100,
          134,
          120,
          140,
          247,
          92,
          120,
          60,
          178,
          76,
          160,
          294,
          204,
          123,
          210,
          553,
          112,
          124,
          148,
          96,
          72,
          84,
          254,
          116,
          249,
          64,
          92,
          216,
          131,
          51,
          474,
          194,
          174,
          2542,
          136,
          360,
          96,
          2445,
          128,
          426,
          204,
          111,
          154,
          722,
          112,
          376,
          212,
          258,
          525,
          111,
          101,
          88,
          108,
          100,
          144,
          136,
          71,
          117,
          213,
          84,
          88,
          72,
          92,
          132,
          76,
          88,
          76,
          112,
          135,
          129,
          106,
          145,
          147,
          190,
          108,
          265,
          115,
          117,
          149,
          611,
          72,
          84,
          143,
          471,
          208,
          108,
          682,
          925,
          116,
          84,
          72,
          84,
          136,
          130,
          64,
          91,
          124,
          249,
          56,
          92,
          155,
          152,
          84,
          100,
          96,
          96,
          136,
          182,
          196,
          189,
          88,
          139,
          202,
          124,
          193,
          132,
          579,
          245,
          165,
          1668,
          84,
          215,
          349,
          190,
          40,
          155,
          129,
          111,
          140,
          140,
          135,
          175,
          605,
          597,
          762,
          316,
          187,
          84,
          88,
          754,
          160,
          603,
          337,
          271,
          951,
          354,
          112,
          100,
          52,
          84,
          752,
          844,
          158,
          136,
          205,
          60,
          123,
          198,
          165,
          139,
          112,
          384,
          193,
          142,
          80,
          48,
          96,
          102,
          728,
          258,
          104,
          160,
          108,
          344,
          116,
          108,
          158,
          88,
          116,
          103,
          117,
          103,
          405,
          79,
          56,
          68,
          117,
          104,
          147,
          106,
          108,
          900,
          120,
          252,
          284,
          273,
          112,
          102,
          112,
          231,
          92,
          128,
          194,
          188,
          483,
          207,
          121,
          196,
          148,
          72,
          104,
          164,
          96,
          76,
          128,
          342,
          123,
          414,
          219,
          108,
          104,
          134,
          310,
          181,
          140,
          247,
          100,
          112,
          511,
          124,
          160,
          182,
          239,
          80,
          210,
          88,
          146,
          132,
          265,
          341,
          262,
          153,
          52,
          266,
          141,
          131,
          118,
          121,
          138,
          127,
          133,
          104,
          130,
          117,
          154,
          175,
          757,
          80,
          68,
          108,
          72,
          84,
          92,
          354,
          136,
          460,
          159,
          387,
          566,
          429,
          1022
        ]
      }
    },
    "Press_To_Release": {
      "NaN": {
        "FlightTime": [
          88,
          132,
          259,
          96,
          176,
          152,
          108,
          84,
          572,
          215,
          444,
          104,
          88,
          120,
          116,
          116,
          492,
          229,
          108,
          136,
          112,
          120,
          132,
          328,
          188,
          184,
          160,
          711,
          675,
          204,
          266,
          788,
          176,
          630,
          173,
          186,
          208,
          223,
          1133,
          180,
          144,
          427,
          96,
          104,
          230,
          196,
          164,
          347,
          156,
          128,
          96,
          258,
          140,
          160,
          386,
          244,
          251,
          342,
          661,
          180,
          168,
          184,
          112,
          88,
          96,
          362,
          176,
          373,
          80,
          104,
          332,
          175,
          180,
          550,
          263,
          295,
          2615,
          217,
          452,
          161,
          2529,
          208,
          506,
          288,
          183,
          246,
          822,
          120,
          584,
          340,
          362,
          597,
          184,
          153,
          156,
          115,
          160,
          196,
          167,
          143,
          192,
          333,
          88,
          124,
          136,
          112,
          136,
          152,
          104,
          140,
          148,
          188,
          166,
          175,
          234,
          251,
          238,
          160,
          309,
          203,
          245,
          165,
          707,
          120,
          84,
          255,
          575,
          296,
          172,
          814,
          1061,
          164,
          100,
          128,
          124,
          248,
          302,
          144,
          163,
          188,
          358,
          88,
          112,
          236,
          200,
          136,
          160,
          116,
          184,
          160,
          327,
          297,
          305,
          136,
          279,
          282,
          248,
          309,
          180,
          655,
          373,
          233,
          1824,
          120,
          275,
          417,
          274,
          104,
          247,
          172,
          135,
          199,
          148,
          208,
          255,
          706,
          710,
          867,
          401,
          259,
          172,
          193,
          882,
          276,
          687,
          441,
          327,
          1039,
          454,
          224,
          120,
          80,
          116,
          888,
          932,
          238,
          228,
          253,
          257,
          200,
          287,
          278,
          268,
          140,
          485,
          258,
          254,
          128,
          120,
          152,
          194,
          940,
          354,
          140,
          244,
          132,
          432,
          216,
          132,
          222,
          144,
          171,
          127,
          181,
          143,
          502,
          99,
          100,
          136,
          217,
          173,
          240,
          214,
          197,
          996,
          124,
          337,
          381,
          377,
          213,
          202,
          196,
          319,
          156,
          136,
          282,
          248,
          559,
          275,
          257,
          276,
          168,
          96,
          156,
          180,
          128,
          124,
          184,
          446,
          235,
          502,
          319,
          204,
          212,
          230,
          394,
          334,
          180,
          339,
          189,
          217,
          628,
          176,
          284,
          306,
          331,
          152,
          326,
          116,
          266,
          264,
          345,
          457,
          370,
          269,
          144,
          326,
          189,
          175,
          174,
          185,
          179,
          168,
          178,
          169,
          187,
          190,
          227,
          264,
          857,
          112,
          140,
          156,
          132,
          112,
          108,
          459,
          188,
          585,
          199,
          519,
          682,
          561,
          1151
        ]
      }
    }
  },
  "p2": {
    "Release_To_Press": {
      "NaN": {
        "FlightTime": [
          36,
          32,
          60,
          359,
          105,
          82,
          120,
          319,
          232,
          112,
          96,
          85,
          281,
          72,
          100,
          44,
          36,
          39,
          47,
          58,
          61,
          233,
          120,
          108,
          64,
          88,
          60,
          358,
          77,
          43,
          84,
          79,
          126,
          132,
          4,
          51,
          8,
          12,
          68,
          48,
          72,
          44,
          266,
          60,
          60,
          40,
          12,
          653,
          144,
          8,
          4,
          134,
          4,
          80,
          125,
          112,
          166,
          272,
          12,
          300,
          84,
          12,
          84,
          92,
          16,
          52,
          52,
          1247,
          79,
          69,
          62,
          177,
          163,
          34,
          167,
          37,
          60,
          16,
          116,
          56,
          24,
          64,
          56,
          231,
          60,
          113,
          22,
          310,
          4,
          40,
          120,
          80,
          91,
          26,
          33,
          28,
          45,
          57,
          9,
          25,
          4,
          152,
          90,
          303,
          48,
          76,
          167,
          8,
          45,
          33,
          523,
          348,
          48,
          56,
          8,
          96,
          108,
          28,
          96,
          134,
          4,
          64,
          83,
          44,
          141,
          38,
          25,
          71,
          36,
          73,
          84,
          108,
          147,
          48,
          126,
          130,
          60,
          26,
          24,
          0,
          219,
          19,
          8,
          351,
          139,
          18,
          49,
          14,
          31,
          21,
          117,
          4,
          46,
          4,
          34,
          163,
          90,
          110,
          69,
          64,
          29,
          0,
          744,
          32,
          82,
          12,
          0,
          67,
          34,
          12,
          89,
          16,
          262,
          64,
          66,
          17,
          33,
          304,
          88,
          600,
          107,
          17,
          36,
          83,
          84,
          48,
          87,
          74,
          90,
          12,
          169,
          184,
          85,
          85,
          85,
          139,
          112,
          76,
          52,
          92,
          68,
          28,
          68,
          18,
          124,
          88,
          164,
          152,
          97,
          546,
          124,
          60,
          801,
          174,
          0,
          66,
          17,
          181,
          165,
          70,
          70,
          64,
          117,
          76,
          62,
          12,
          72,
          67,
          72,
          63,
          221,
          140,
          417,
          96,
          189,
          70,
          299,
          1833,
          95,
          380,
          296,
          312,
          105,
          128,
          99
        ]
      }
    },
    "Release_To_Release": {
      "NaN": {
        "FlightTime": [
          92,
          52,
          120,
          560,
          149,
          130,
          172,
          447,
          332,
          172,
          148,
          129,
          393,
          120,
          120,
          64,
          80,
          123,
          143,
          190,
          177,
          325,
          136,
          192,
          64,
          112,
          108,
          418,
          134,
          140,
          112,
          212,
          207,
          172,
          72,
          151,
          76,
          60,
          80,
          100,
          132,
          76,
          346,
          92,
          76,
          116,
          52,
          721,
          228,
          52,
          80,
          230,
          68,
          80,
          153,
          156,
          266,
          404,
          65,
          393,
          84,
          52,
          92,
          96,
          52,
          100,
          124,
          1303,
          147,
          129,
          158,
          257,
          259,
          150,
          295,
          157,
          172,
          120,
          140,
          144,
          64,
          72,
          132,
          352,
          124,
          225,
          158,
          447,
          100,
          140,
          216,
          164,
          184,
          114,
          122,
          109,
          84,
          104,
          109,
          149,
          125,
          224,
          171,
          363,
          88,
          108,
          287,
          120,
          133,
          133,
          627,
          460,
          96,
          60,
          44,
          156,
          132,
          36,
          184,
          226,
          104,
          152,
          159,
          56,
          213,
          162,
          73,
          187,
          43,
          77,
          128,
          135,
          231,
          76,
          259,
          223,
          165,
          110,
          96,
          97,
          356,
          112,
          97,
          460,
          256,
          98,
          141,
          86,
          135,
          122,
          205,
          92,
          130,
          100,
          134,
          211,
          154,
          182,
          137,
          152,
          205,
          116,
          792,
          80,
          190,
          120,
          73,
          187,
          110,
          100,
          182,
          125,
          327,
          137,
          147,
          146,
          110,
          412,
          177,
          684,
          267,
          109,
          112,
          179,
          156,
          84,
          147,
          142,
          170,
          104,
          282,
          240,
          129,
          126,
          158,
          220,
          200,
          84,
          56,
          120,
          128,
          112,
          157,
          135,
          168,
          108,
          253,
          256,
          181,
          638,
          164,
          80,
          909,
          290,
          124,
          178,
          117,
          217,
          273,
          134,
          126,
          144,
          213,
          208,
          194,
          77,
          169,
          132,
          133,
          156,
          297,
          269,
          505,
          168,
          261,
          210,
          407,
          2005,
          199,
          472,
          404,
          436,
          273,
          264,
          203
        ]
      }
    },
    "Press_To_Press": {
      "NaN": {
        "FlightTime": [
          92,
          88,
          80,
          399,
          161,
          126,
          136,
          347,
          360,
          212,
          156,
          137,
          425,
          124,
          100,
          68,
          56,
          143,
          131,
          154,
          193,
          401,
          124,
          124,
          148,
          92,
          84,
          390,
          137,
          100,
          84,
          196,
          259,
          184,
          112,
          119,
          108,
          64,
          96,
          76,
          136,
          104,
          298,
          64,
          92,
          56,
          88,
          693,
          212,
          72,
          48,
          210,
          100,
          111,
          125,
          140,
          210,
          368,
          116,
          353,
          116,
          88,
          140,
          156,
          52,
          88,
          100,
          1275,
          135,
          137,
          122,
          273,
          243,
          154,
          335,
          165,
          180,
          128,
          160,
          108,
          112,
          104,
          132,
          307,
          100,
          177,
          134,
          446,
          141,
          136,
          220,
          220,
          142,
          119,
          126,
          117,
          97,
          96,
          125,
          125,
          128,
          160,
          162,
          340,
          108,
          116,
          199,
          128,
          157,
          121,
          623,
          452,
          88,
          84,
          68,
          132,
          168,
          96,
          104,
          222,
          96,
          100,
          123,
          108,
          153,
          150,
          149,
          119,
          76,
          80,
          88,
          152,
          203,
          124,
          154,
          263,
          132,
          131,
          113,
          72,
          316,
          156,
          88,
          440,
          139,
          135,
          129,
          106,
          103,
          125,
          153,
          92,
          134,
          88,
          134,
          207,
          174,
          174,
          141,
          132,
          105,
          176,
          860,
          116,
          134,
          120,
          108,
          140,
          154,
          88,
          205,
          109,
          371,
          129,
          139,
          94,
          162,
          340,
          108,
          612,
          203,
          177,
          92,
          159,
          92,
          120,
          143,
          134,
          158,
          128,
          184,
          297,
          141,
          129,
          126,
          212,
          193,
          88,
          60,
          96,
          96,
          88,
          125,
          107,
          148,
          132,
          184,
          172,
          201,
          163,
          160,
          72,
          905,
          234,
          116,
          134,
          129,
          281,
          201,
          122,
          134,
          120,
          257,
          172,
          159,
          144,
          137,
          136,
          137,
          124,
          314,
          216,
          698,
          164,
          261,
          254,
          439,
          1973,
          267,
          484,
          388,
          420,
          229,
          296,
          235
        ]
      }
    },
    "Press_To_Release": {
      "NaN": {
        "FlightTime": [
          148,
          108,
          140,
          600,
          205,
          174,
          188,
          475,
          460,
          272,
          208,
          181,
          537,
          172,
          120,
          88,
          100,
          227,
          227,
          286,
          309,
          493,
          140,
          208,
          148,
          116,
          132,
          450,
          194,
          197,
          112,
          329,
          340,
          224,
          180,
          219,
          176,
          112,
          108,
          128,
          196,
          136,
          378,
          96,
          108,
          132,
          128,
          761,
          296,
          116,
          124,
          306,
          164,
          111,
          153,
          184,
          310,
          500,
          169,
          446,
          116,
          128,
          148,
          160,
          88,
          136,
          172,
          1331,
          203,
          197,
          218,
          353,
          339,
          270,
          463,
          285,
          292,
          232,
          184,
          196,
          152,
          112,
          208,
          428,
          164,
          289,
          270,
          583,
          237,
          236,
          316,
          304,
          235,
          207,
          215,
          198,
          136,
          143,
          225,
          249,
          249,
          232,
          243,
          400,
          148,
          148,
          319,
          240,
          245,
          221,
          727,
          564,
          136,
          88,
          104,
          192,
          192,
          104,
          192,
          314,
          196,
          188,
          199,
          120,
          225,
          274,
          197,
          235,
          83,
          84,
          132,
          179,
          287,
          152,
          287,
          356,
          237,
          215,
          185,
          169,
          453,
          249,
          177,
          549,
          256,
          215,
          221,
          178,
          207,
          226,
          241,
          180,
          218,
          184,
          234,
          255,
          238,
          246,
          209,
          220,
          281,
          292,
          908,
          164,
          242,
          228,
          181,
          260,
          230,
          176,
          298,
          218,
          436,
          202,
          220,
          223,
          239,
          448,
          197,
          696,
          363,
          269,
          168,
          255,
          164,
          156,
          203,
          202,
          238,
          220,
          297,
          353,
          185,
          170,
          199,
          293,
          281,
          96,
          64,
          124,
          156,
          172,
          214,
          224,
          192,
          152,
          273,
          276,
          285,
          255,
          200,
          92,
          1013,
          350,
          240,
          246,
          229,
          317,
          309,
          186,
          190,
          200,
          353,
          304,
          291,
          209,
          234,
          201,
          198,
          217,
          390,
          345,
          786,
          236,
          333,
          394,
          547,
          2145,
          371,
          576,
          496,
          544,
          397,
          432,
          339
        ]
      }
    }
  },
  "p3": {
    "Release_To_Press": {
      "NaN": {
        "FlightTime": [
          257,
          346,
          218,
          137,
          77,
          77,
          19546,
          12,
          161,
          290,
          98,
          44,
          91,
          24,
          52,
          24,
          83,
          52,
          88,
          324,
          1022,
          66,
          349,
          178,
          117,
          60
        ]
      }
    },
    "Release_To_Release": {
      "NaN": {
        "FlightTime": [
          345,
          743,
          343,
          250,
          186,
          145,
          19691,
          101,
          262,
          398,
          174,
          112,
          207,
          52,
          112,
          29,
          91,
          84,
          144,
          428,
          1134,
          102,
          441,
          290,
          213,
          164
        ]
      }
    },
    "Press_To_Press": {
      "NaN": {
        "FlightTime": [
          406,
          434,
          615,
          262,
          190,
          177,
          19634,
          157,
          250,
          338,
          206,
          120,
          159,
          64,
          80,
          84,
          88,
          128,
          120,
          424,
          1126,
          178,
          385,
          270,
          229,
          128
        ]
      }
    },
    "Press_To_Release": {
      "NaN": {
        "FlightTime": [
          494,
          831,
          740,
          375,
          299,
          245,
          19779,
          246,
          351,
          446,
          282,
          188,
          275,
          92,
          140,
          89,
          96,
          160,
          176,
          528,
          1238,
          214,
          477,
          382,
          325,
          232
        ]
      }
    }
  },
  "p4": {
    "Release_To_Press": {
      "NaN": {
        "FlightTime": [
          95,
          68,
          52,
          2089,
          339,
          88,
          50,
          276,
          153,
          75,
          38,
          192,
          186,
          237,
          78,
          64,
          70,
          60,
          68,
          56,
          72,
          148,
          245,
          32,
          95,
          0,
          456,
          129,
          44,
          68,
          4,
          64,
          104,
          55,
          27,
          8,
          96,
          12,
          270,
          185,
          4,
          44,
          72,
          68,
          104,
          177,
          59,
          74,
          135,
          80,
          20,
          170,
          282,
          44,
          205,
          4,
          349,
          80,
          103,
          664,
          93,
          84,
          67,
          55,
          36,
          88,
          240,
          44,
          99,
          753,
          797,
          286,
          173,
          46,
          508,
          63,
          120,
          20,
          12,
          48,
          64,
          20,
          84,
          108,
          88,
          4,
          319,
          64,
          131,
          76,
          12,
          239,
          148,
          176,
          544,
          158,
          12,
          32,
          386,
          752,
          51,
          157,
          195,
          56,
          28,
          4,
          52,
          24,
          56,
          117,
          4,
          104,
          68,
          100,
          178,
          58,
          0,
          68,
          62,
          350,
          88,
          48,
          32,
          296,
          72,
          4,
          72,
          72,
          729,
          1224,
          236,
          12,
          84,
          895,
          4,
          45,
          62,
          414,
          73,
          73,
          143,
          176,
          19,
          68,
          294,
          66,
          59,
          75,
          616,
          226,
          4,
          81,
          64,
          48,
          8,
          72,
          128,
          80,
          132,
          128,
          129,
          8,
          59,
          81,
          62,
          140,
          8,
          66,
          53,
          55,
          200,
          182,
          58,
          60,
          0,
          111,
          4,
          19,
          65,
          866,
          97,
          40,
          699,
          0,
          64,
          77,
          339,
          192,
          12,
          4,
          105,
          32,
          115,
          76,
          333,
          285,
          210,
          86,
          74,
          457,
          32,
          107,
          272,
          84,
          8,
          36,
          4,
          79,
          134,
          68,
          12,
          16,
          462,
          203,
          8,
          36,
          8,
          116,
          56,
          8,
          48,
          68,
          80,
          108,
          8,
          112,
          104,
          93,
          1063,
          71,
          74,
          69,
          140,
          274,
          4,
          72,
          24,
          138,
          137,
          628,
          46,
          41,
          121,
          97,
          40,
          110,
          191,
          269,
          128,
          92,
          208,
          0,
          98,
          371,
          996,
          118,
          391,
          39,
          16,
          28,
          36,
          60,
          60,
          68,
          40,
          92,
          72,
          353,
          108,
          78,
          36,
          140,
          52,
          116
        ]
      }
    },
    "Release_To_Release": {
      "NaN": {
        "FlightTime": [
          168,
          112,
          128,
          2142,
          416,
          161,
          142,
          337,
          210,
          164,
          155,
          321,
          279,
          273,
          146,
          124,
          146,
          132,
          128,
          128,
          128,
          220,
          329,
          88,
          195,
          104,
          556,
          237,
          100,
          148,
          68,
          108,
          200,
          147,
          155,
          84,
          184,
          128,
          395,
          282,
          48,
          72,
          124,
          116,
          196,
          285,
          135,
          119,
          208,
          116,
          101,
          267,
          371,
          129,
          305,
          93,
          614,
          168,
          167,
          736,
          133,
          128,
          135,
          143,
          40,
          116,
          448,
          132,
          187,
          881,
          869,
          354,
          253,
          163,
          581,
          132,
          209,
          92,
          68,
          56,
          116,
          52,
          185,
          156,
          104,
          124,
          383,
          144,
          235,
          84,
          96,
          327,
          244,
          312,
          640,
          234,
          80,
          95,
          487,
          860,
          136,
          206,
          308,
          96,
          84,
          76,
          96,
          72,
          100,
          233,
          88,
          160,
          88,
          200,
          270,
          174,
          132,
          144,
          166,
          462,
          216,
          96,
          160,
          376,
          88,
          44,
          116,
          99,
          860,
          1309,
          321,
          88,
          96,
          1003,
          197,
          146,
          179,
          494,
          137,
          146,
          228,
          288,
          91,
          92,
          354,
          126,
          139,
          203,
          712,
          342,
          120,
          101,
          99,
          92,
          60,
          88,
          220,
          128,
          224,
          201,
          241,
          101,
          176,
          250,
          167,
          184,
          56,
          131,
          118,
          148,
          240,
          242,
          146,
          124,
          68,
          207,
          72,
          111,
          165,
          962,
          185,
          145,
          792,
          48,
          92,
          138,
          412,
          268,
          56,
          80,
          205,
          132,
          243,
          116,
          401,
          357,
          318,
          150,
          166,
          569,
          52,
          195,
          348,
          111,
          112,
          100,
          88,
          180,
          211,
          140,
          64,
          72,
          558,
          291,
          108,
          144,
          116,
          220,
          88,
          52,
          64,
          112,
          88,
          120,
          84,
          180,
          196,
          197,
          1175,
          123,
          114,
          149,
          208,
          362,
          40,
          176,
          96,
          250,
          233,
          693,
          107,
          118,
          206,
          194,
          92,
          210,
          327,
          385,
          176,
          96,
          308,
          84,
          206,
          459,
          1113,
          242,
          476,
          132,
          93,
          117,
          88,
          72,
          72,
          88,
          108,
          108,
          116,
          501,
          168,
          258,
          180,
          208,
          120,
          140
        ]
      }
    },
    "Press_To_Press": {
      "NaN": {
        "FlightTime": [
          168,
          96,
          96,
          2165,
          392,
          165,
          123,
          368,
          214,
          132,
          127,
          309,
          315,
          265,
          114,
          132,
          130,
          136,
          140,
          116,
          144,
          152,
          317,
          92,
          155,
          100,
          496,
          229,
          92,
          72,
          84,
          128,
          148,
          147,
          119,
          136,
          120,
          129,
          387,
          286,
          68,
          88,
          100,
          104,
          152,
          281,
          167,
          138,
          180,
          92,
          89,
          266,
          379,
          133,
          290,
          104,
          438,
          92,
          171,
          760,
          165,
          124,
          111,
          123,
          120,
          92,
          268,
          136,
          187,
          821,
          885,
          358,
          241,
          147,
          625,
          136,
          189,
          80,
          68,
          104,
          72,
          72,
          116,
          132,
          136,
          120,
          399,
          128,
          211,
          96,
          104,
          323,
          236,
          272,
          680,
          254,
          88,
          88,
          454,
          853,
          159,
          242,
          244,
          108,
          68,
          60,
          92,
          68,
          68,
          161,
          120,
          140,
          124,
          120,
          198,
          150,
          116,
          148,
          138,
          454,
          200,
          68,
          32,
          424,
          88,
          88,
          112,
          116,
          729,
          1265,
          321,
          100,
          144,
          919,
          112,
          238,
          163,
          531,
          153,
          137,
          216,
          261,
          131,
          92,
          390,
          126,
          119,
          155,
          780,
          306,
          120,
          88,
          84,
          81,
          72,
          124,
          144,
          129,
          139,
          152,
          205,
          120,
          152,
          105,
          231,
          152,
          52,
          119,
          118,
          120,
          268,
          222,
          118,
          96,
          64,
          179,
          100,
          87,
          165,
          922,
          193,
          125,
          804,
          64,
          92,
          142,
          400,
          265,
          96,
          76,
          165,
          92,
          239,
          120,
          373,
          353,
          258,
          194,
          138,
          549,
          40,
          127,
          360,
          113,
          88,
          76,
          68,
          163,
          170,
          104,
          84,
          76,
          518,
          295,
          96,
          136,
          116,
          176,
          76,
          40,
          92,
          80,
          124,
          116,
          64,
          208,
          108,
          185,
          1167,
          147,
          126,
          109,
          172,
          342,
          64,
          108,
          36,
          210,
          141,
          676,
          111,
          102,
          198,
          182,
          84,
          186,
          291,
          405,
          136,
          140,
          356,
          100,
          158,
          427,
          1095,
          235,
          423,
          188,
          121,
          105,
          56,
          112,
          80,
          80,
          60,
          132,
          140,
          397,
          128,
          118,
          216,
          284,
          120,
          140
        ]
      }
    },
    "Press_To_Release": {
      "NaN": {
        "FlightTime": [
          241,
          140,
          172,
          2218,
          469,
          238,
          215,
          429,
          271,
          221,
          244,
          438,
          408,
          301,
          182,
          192,
          206,
          208,
          200,
          188,
          200,
          224,
          401,
          148,
          255,
          204,
          596,
          337,
          148,
          152,
          148,
          172,
          244,
          239,
          247,
          212,
          208,
          245,
          512,
          383,
          112,
          116,
          152,
          152,
          244,
          389,
          243,
          183,
          253,
          128,
          170,
          363,
          468,
          218,
          390,
          193,
          703,
          180,
          235,
          832,
          205,
          168,
          179,
          211,
          124,
          120,
          476,
          224,
          275,
          949,
          957,
          426,
          321,
          264,
          698,
          205,
          278,
          152,
          124,
          112,
          124,
          104,
          217,
          180,
          152,
          240,
          463,
          208,
          315,
          104,
          188,
          411,
          332,
          408,
          776,
          330,
          156,
          151,
          555,
          961,
          244,
          291,
          357,
          148,
          124,
          132,
          136,
          116,
          112,
          277,
          204,
          196,
          144,
          220,
          290,
          266,
          248,
          224,
          242,
          566,
          328,
          116,
          160,
          504,
          104,
          128,
          156,
          143,
          860,
          1350,
          406,
          176,
          156,
          1027,
          305,
          339,
          280,
          611,
          217,
          210,
          301,
          373,
          203,
          116,
          450,
          186,
          199,
          283,
          876,
          422,
          236,
          108,
          119,
          125,
          124,
          140,
          236,
          177,
          231,
          225,
          317,
          213,
          269,
          274,
          336,
          196,
          100,
          184,
          183,
          213,
          308,
          282,
          206,
          160,
          132,
          275,
          168,
          179,
          265,
          1018,
          281,
          230,
          897,
          112,
          120,
          203,
          473,
          341,
          140,
          152,
          265,
          192,
          367,
          160,
          441,
          425,
          366,
          258,
          230,
          661,
          60,
          215,
          436,
          140,
          192,
          140,
          152,
          264,
          247,
          176,
          136,
          132,
          614,
          383,
          196,
          244,
          224,
          280,
          108,
          84,
          108,
          124,
          132,
          128,
          140,
          276,
          200,
          289,
          1279,
          199,
          166,
          189,
          240,
          430,
          100,
          212,
          108,
          322,
          237,
          741,
          172,
          179,
          283,
          279,
          136,
          286,
          427,
          521,
          184,
          144,
          456,
          184,
          266,
          515,
          1212,
          359,
          508,
          281,
          198,
          194,
          108,
          124,
          92,
          100,
          128,
          148,
          184,
          545,
          188,
          298,
          360,
          352,
          188,
          164
        ]
      }
    }
  },
  "p5": {
    "Release_To_Press": {
      "NaN": {
        "FlightTime": [
          68,
          16,
          136,
          78,
          20,
          44,
          0,
          224,
          20,
          52,
          36,
          449,
          84,
          282,
          83,
          77,
          83,
          63,
          8,
          8,
          20,
          60,
          195,
          15,
          230,
          242,
          8,
          40,
          212,
          22,
          8,
          0,
          96,
          385,
          578,
          45,
          45,
          536,
          83,
          95,
          22,
          81,
          4,
          316,
          103,
          107,
          89,
          65,
          67,
          109,
          191,
          229,
          227,
          89,
          436,
          697,
          136,
          88,
          116,
          328,
          142,
          96,
          442,
          200,
          8,
          44,
          23,
          16,
          8,
          0,
          56,
          20,
          191,
          110,
          18,
          90,
          28,
          64,
          44,
          12,
          1097,
          515,
          88,
          882,
          64,
          24,
          60,
          120,
          52,
          146,
          141,
          66,
          159,
          485,
          14,
          161,
          287,
          64,
          52,
          36,
          202,
          53,
          130,
          52,
          170,
          76,
          4,
          48,
          124,
          49,
          344,
          8,
          105,
          792,
          95,
          12,
          104,
          116,
          32,
          343,
          8,
          150,
          73,
          99,
          80,
          132,
          44,
          193,
          276,
          56,
          153,
          82,
          62,
          20,
          108,
          90,
          115,
          238,
          97,
          168,
          145,
          234,
          77,
          18,
          234,
          85,
          56,
          64,
          28,
          100,
          179,
          40,
          52,
          4,
          56,
          64,
          72,
          93,
          70,
          146,
          75,
          70,
          248,
          59,
          119,
          16,
          64,
          142,
          528,
          84,
          103,
          24,
          36,
          668,
          110,
          25,
          80,
          92,
          96,
          158,
          107,
          180,
          17,
          144,
          381,
          77,
          100,
          97,
          0,
          76,
          110,
          624,
          134,
          1131,
          376,
          295,
          120,
          85
        ]
      }
    },
    "Release_To_Release": {
      "NaN": {
        "FlightTime": [
          144,
          24,
          232,
          202,
          108,
          156,
          88,
          388,
          88,
          112,
          88,
          549,
          92,
          322,
          127,
          121,
          143,
          139,
          120,
          80,
          96,
          76,
          299,
          119,
          322,
          386,
          48,
          72,
          305,
          114,
          121,
          73,
          181,
          446,
          706,
          173,
          133,
          648,
          171,
          211,
          142,
          193,
          124,
          352,
          151,
          147,
          153,
          137,
          155,
          222,
          267,
          366,
          328,
          162,
          549,
          806,
          261,
          92,
          128,
          393,
          239,
          157,
          547,
          312,
          129,
          120,
          123,
          120,
          48,
          52,
          132,
          68,
          279,
          178,
          130,
          190,
          72,
          92,
          152,
          116,
          1193,
          612,
          116,
          999,
          160,
          84,
          132,
          241,
          76,
          250,
          233,
          238,
          251,
          633,
          162,
          282,
          371,
          144,
          160,
          80,
          274,
          149,
          198,
          60,
          254,
          156,
          96,
          160,
          228,
          117,
          404,
          44,
          189,
          928,
          196,
          72,
          217,
          188,
          60,
          443,
          161,
          234,
          158,
          223,
          104,
          180,
          120,
          389,
          432,
          132,
          257,
          162,
          162,
          136,
          212,
          190,
          227,
          290,
          181,
          224,
          245,
          278,
          125,
          122,
          346,
          145,
          103,
          176,
          68,
          209,
          284,
          100,
          96,
          52,
          128,
          96,
          116,
          194,
          179,
          199,
          139,
          123,
          328,
          139,
          219,
          108,
          136,
          210,
          628,
          112,
          191,
          144,
          60,
          772,
          166,
          145,
          148,
          104,
          168,
          266,
          235,
          300,
          109,
          260,
          458,
          174,
          160,
          217,
          73,
          173,
          183,
          733,
          243,
          1336,
          533,
          428,
          221,
          165
        ]
      }
    },
    "Press_To_Press": {
      "NaN": {
        "FlightTime": [
          84,
          92,
          144,
          118,
          144,
          132,
          112,
          304,
          124,
          120,
          96,
          549,
          96,
          398,
          123,
          121,
          127,
          123,
          84,
          120,
          120,
          124,
          211,
          119,
          241,
          311,
          68,
          80,
          268,
          115,
          100,
          116,
          169,
          502,
          678,
          173,
          125,
          616,
          195,
          183,
          138,
          234,
          116,
          436,
          139,
          155,
          129,
          129,
          139,
          197,
          304,
          305,
          364,
          190,
          509,
          810,
          277,
          100,
          120,
          340,
          207,
          193,
          503,
          268,
          120,
          165,
          99,
          52,
          112,
          108,
          92,
          96,
          239,
          234,
          86,
          194,
          88,
          116,
          92,
          120,
          1201,
          518,
          116,
          910,
          64,
          120,
          120,
          124,
          156,
          262,
          245,
          190,
          331,
          577,
          162,
          309,
          408,
          148,
          132,
          144,
          246,
          125,
          226,
          120,
          178,
          160,
          84,
          140,
          168,
          116,
          412,
          76,
          141,
          964,
          115,
          100,
          128,
          156,
          104,
          371,
          108,
          303,
          157,
          232,
          124,
          156,
          92,
          269,
          472,
          100,
          229,
          186,
          142,
          120,
          164,
          170,
          207,
          262,
          149,
          252,
          201,
          334,
          121,
          66,
          302,
          88,
          116,
          68,
          140,
          140,
          288,
          88,
          112,
          84,
          96,
          136,
          116,
          137,
          175,
          255,
          128,
          134,
          369,
          139,
          199,
          116,
          124,
          214,
          596,
          84,
          131,
          40,
          156,
          692,
          118,
          81,
          84,
          160,
          108,
          166,
          207,
          219,
          137,
          236,
          402,
          154,
          160,
          157,
          120,
          149,
          207,
          697,
          243,
          1240,
          581,
          452,
          253,
          205
        ]
      }
    },
    "Press_To_Release": {
      "NaN": {
        "FlightTime": [
          160,
          100,
          240,
          242,
          232,
          244,
          200,
          468,
          192,
          180,
          148,
          649,
          104,
          438,
          167,
          165,
          187,
          199,
          196,
          192,
          196,
          140,
          315,
          223,
          333,
          455,
          108,
          112,
          361,
          207,
          213,
          189,
          254,
          563,
          806,
          301,
          213,
          728,
          283,
          299,
          258,
          346,
          236,
          472,
          187,
          195,
          193,
          201,
          227,
          310,
          380,
          442,
          465,
          263,
          622,
          919,
          402,
          104,
          132,
          405,
          304,
          254,
          608,
          380,
          241,
          241,
          199,
          156,
          152,
          160,
          168,
          144,
          327,
          302,
          198,
          294,
          132,
          144,
          200,
          224,
          1297,
          615,
          144,
          1027,
          160,
          180,
          192,
          245,
          180,
          366,
          337,
          362,
          423,
          725,
          310,
          430,
          492,
          228,
          240,
          188,
          318,
          221,
          294,
          128,
          262,
          240,
          176,
          252,
          272,
          184,
          472,
          112,
          225,
          1100,
          216,
          160,
          241,
          228,
          132,
          471,
          261,
          387,
          242,
          356,
          148,
          204,
          168,
          465,
          628,
          176,
          333,
          266,
          242,
          236,
          268,
          270,
          319,
          314,
          233,
          308,
          301,
          378,
          169,
          170,
          414,
          148,
          163,
          180,
          180,
          249,
          393,
          148,
          156,
          132,
          168,
          168,
          160,
          238,
          284,
          308,
          192,
          187,
          449,
          219,
          299,
          208,
          196,
          282,
          696,
          112,
          219,
          160,
          180,
          796,
          174,
          201,
          152,
          172,
          180,
          274,
          335,
          339,
          229,
          352,
          479,
          251,
          220,
          277,
          193,
          246,
          280,
          806,
          352,
          1445,
          738,
          585,
          354,
          285
        ]
      }
    }
  },
  "p6": {
    "Release_To_Press": {
      "NaN": {
        "FlightTime": [
          139,
          51,
          540,
          315,
          70,
          79,
          1641,
          425,
          604,
          79,
          91,
          72,
          28,
          486,
          180,
          175,
          23,
          1070,
          107,
          136,
          60,
          64,
          309,
          158,
          121,
          1290,
          115,
          48,
          217,
          97,
          16,
          332,
          40,
          72,
          36,
          8,
          31,
          1960,
          165,
          108,
          202,
          8,
          29,
          15,
          1928,
          167,
          231,
          616,
          101,
          49,
          0,
          51,
          273,
          501,
          463,
          461,
          121,
          96,
          442,
          188,
          36,
          8,
          76,
          48,
          260,
          75,
          4,
          39,
          1679,
          211,
          2170,
          85,
          233,
          434,
          1159,
          605,
          226,
          76,
          1369,
          233,
          281,
          1155,
          146,
          267,
          108,
          96,
          375,
          16,
          121,
          95,
          191,
          53,
          199,
          447,
          159,
          136,
          39,
          99,
          111,
          36,
          21,
          23,
          50,
          1141,
          45,
          60,
          767,
          324,
          114,
          568,
          420,
          32,
          108,
          64,
          21,
          474,
          137,
          179,
          330,
          49,
          27,
          60,
          60,
          53,
          102,
          593,
          350,
          302,
          36,
          369,
          142,
          63,
          390,
          114,
          136,
          134,
          101,
          1211,
          267,
          91,
          97,
          85,
          90,
          80,
          70,
          67,
          79,
          567,
          101,
          242,
          735,
          174,
          195,
          209,
          185,
          56,
          19,
          51,
          786,
          594,
          150,
          69,
          12,
          91,
          364,
          62,
          797,
          105,
          14,
          887,
          320,
          683,
          204,
          336,
          132,
          60,
          148,
          584,
          76,
          106,
          441,
          181,
          28,
          52,
          616,
          490,
          52,
          171,
          266,
          121,
          14,
          12,
          25,
          72,
          8,
          1041,
          550,
          553,
          127,
          91,
          66,
          1184,
          39,
          64,
          82,
          36,
          244,
          70,
          36,
          500,
          19,
          213,
          4,
          14,
          21,
          1489,
          76,
          188,
          8,
          44,
          60,
          63,
          26,
          12,
          230,
          194,
          113,
          152,
          1166,
          84,
          78,
          12,
          116,
          75,
          123,
          869,
          122,
          174,
          95,
          83,
          435,
          135,
          405,
          1297,
          108,
          32,
          80,
          652,
          34,
          91,
          360,
          1247,
          92,
          8,
          129,
          89,
          54,
          649,
          360,
          104,
          52,
          4,
          204,
          382,
          81,
          20,
          46,
          92,
          143,
          89,
          87,
          83,
          105,
          447,
          83,
          87,
          66,
          178,
          206,
          236,
          439,
          453,
          499,
          44,
          124,
          173,
          76,
          74,
          74,
          63,
          60,
          75,
          78,
          149,
          29,
          30,
          185,
          8,
          225,
          4,
          276,
          402,
          614,
          117,
          18,
          26,
          24,
          67,
          484,
          100,
          131,
          116,
          728,
          288,
          70,
          133,
          208,
          359,
          153,
          591,
          496,
          124,
          8,
          402,
          79,
          40,
          193,
          162,
          103,
          76,
          36,
          56,
          462,
          86,
          59,
          123,
          85,
          23,
          415,
          52,
          98,
          24,
          36,
          57,
          383,
          86,
          36,
          12,
          107,
          93,
          458,
          52,
          401,
          44,
          293,
          112,
          16,
          753,
          65,
          262,
          99,
          69,
          68,
          96,
          14,
          72,
          40,
          4,
          1212,
          149,
          20,
          758,
          91,
          87,
          215,
          78,
          65,
          87,
          542,
          93,
          203,
          1230,
          344,
          56,
          8,
          52,
          323,
          116,
          72,
          77,
          161,
          33,
          72,
          8,
          21,
          88,
          54,
          92,
          157,
          58,
          53,
          744,
          102,
          64,
          217,
          206,
          741,
          141,
          109,
          67,
          54,
          56,
          436,
          156
        ]
      }
    },
    "Release_To_Release": {
      "NaN": {
        "FlightTime": [
          275,
          167,
          640,
          415,
          146,
          179,
          1761,
          586,
          717,
          200,
          196,
          149,
          141,
          579,
          273,
          243,
          128,
          1163,
          188,
          221,
          160,
          160,
          453,
          270,
          209,
          1374,
          231,
          176,
          325,
          177,
          156,
          412,
          100,
          188,
          132,
          108,
          131,
          2052,
          253,
          168,
          294,
          104,
          113,
          87,
          2008,
          251,
          359,
          700,
          184,
          109,
          104,
          192,
          374,
          582,
          568,
          578,
          214,
          153,
          531,
          324,
          136,
          100,
          176,
          148,
          344,
          179,
          92,
          143,
          1975,
          487,
          2250,
          161,
          401,
          450,
          1283,
          769,
          334,
          80,
          1518,
          390,
          398,
          1284,
          255,
          403,
          229,
          116,
          499,
          108,
          237,
          183,
          259,
          141,
          307,
          551,
          247,
          216,
          163,
          179,
          235,
          132,
          113,
          119,
          150,
          1249,
          117,
          176,
          879,
          460,
          243,
          673,
          501,
          161,
          273,
          209,
          134,
          551,
          242,
          251,
          387,
          133,
          131,
          192,
          156,
          173,
          242,
          673,
          450,
          386,
          80,
          465,
          250,
          151,
          486,
          202,
          196,
          230,
          197,
          1411,
          315,
          135,
          133,
          129,
          118,
          140,
          142,
          143,
          107,
          648,
          174,
          323,
          848,
          246,
          284,
          337,
          286,
          193,
          152,
          131,
          894,
          698,
          214,
          149,
          140,
          143,
          444,
          166,
          885,
          197,
          126,
          995,
          517,
          900,
          353,
          477,
          196,
          104,
          269,
          697,
          156,
          195,
          562,
          294,
          88,
          92,
          744,
          610,
          116,
          260,
          358,
          209,
          118,
          92,
          145,
          184,
          116,
          1193,
          654,
          649,
          215,
          171,
          138,
          1288,
          147,
          88,
          162,
          237,
          296,
          138,
          120,
          620,
          147,
          309,
          108,
          98,
          141,
          1585,
          76,
          328,
          124,
          100,
          68,
          171,
          154,
          148,
          318,
          282,
          221,
          252,
          1258,
          168,
          162,
          140,
          236,
          179,
          228,
          968,
          191,
          279,
          260,
          248,
          572,
          244,
          538,
          1402,
          212,
          120,
          132,
          764,
          138,
          151,
          504,
          1343,
          176,
          72,
          213,
          189,
          162,
          773,
          440,
          220,
          208,
          104,
          268,
          490,
          173,
          148,
          214,
          245,
          296,
          210,
          228,
          172,
          194,
          503,
          143,
          123,
          142,
          326,
          286,
          316,
          627,
          561,
          583,
          60,
          220,
          233,
          136,
          118,
          134,
          267,
          128,
          151,
          178,
          269,
          145,
          154,
          281,
          112,
          337,
          116,
          392,
          455,
          719,
          242,
          123,
          71,
          121,
          124,
          620,
          200,
          251,
          212,
          824,
          380,
          126,
          229,
          308,
          435,
          245,
          691,
          652,
          244,
          60,
          502,
          179,
          164,
          345,
          298,
          187,
          136,
          64,
          76,
          582,
          191,
          151,
          267,
          222,
          100,
          468,
          109,
          163,
          36,
          120,
          157,
          499,
          210,
          140,
          40,
          219,
          189,
          542,
          84,
          557,
          92,
          373,
          220,
          124,
          873,
          169,
          366,
          191,
          166,
          192,
          209,
          123,
          333,
          168,
          117,
          1313,
          278,
          109,
          830,
          131,
          135,
          263,
          130,
          137,
          131,
          622,
          173,
          399,
          1298,
          452,
          116,
          40,
          88,
          411,
          184,
          128,
          149,
          233,
          89,
          140,
          84,
          66,
          144,
          163,
          181,
          222,
          115,
          190,
          873,
          190,
          64,
          325,
          318,
          857,
          297,
          221,
          175,
          126,
          232,
          488,
          300
        ]
      }
    },
    "Press_To_Press": {
      "NaN": {
        "FlightTime": [
          227,
          187,
          656,
          391,
          170,
          155,
          1741,
          545,
          781,
          192,
          212,
          177,
          105,
          599,
          273,
          268,
          124,
          1175,
          200,
          217,
          145,
          164,
          405,
          302,
          233,
          1378,
          199,
          164,
          345,
          205,
          96,
          472,
          120,
          132,
          152,
          104,
          131,
          2060,
          169,
          196,
          262,
          100,
          125,
          99,
          2000,
          247,
          315,
          744,
          185,
          117,
          76,
          136,
          414,
          610,
          523,
          566,
          238,
          189,
          558,
          277,
          124,
          108,
          168,
          148,
          360,
          159,
          108,
          127,
          1783,
          507,
          2446,
          165,
          309,
          602,
          1175,
          729,
          390,
          128,
          1373,
          382,
          334,
          1272,
          275,
          376,
          244,
          172,
          395,
          140,
          213,
          211,
          279,
          121,
          287,
          555,
          335,
          224,
          119,
          223,
          191,
          124,
          117,
          115,
          146,
          1241,
          125,
          136,
          883,
          436,
          250,
          697,
          525,
          113,
          229,
          229,
          166,
          647,
          214,
          284,
          435,
          177,
          111,
          188,
          192,
          149,
          194,
          733,
          458,
          402,
          120,
          413,
          238,
          171,
          478,
          210,
          224,
          255,
          197,
          1307,
          467,
          139,
          141,
          121,
          134,
          108,
          130,
          139,
          155,
          595,
          182,
          315,
          816,
          287,
          267,
          298,
          290,
          188,
          156,
          184,
          866,
          786,
          254,
          133,
          92,
          143,
          416,
          86,
          901,
          193,
          106,
          971,
          352,
          880,
          421,
          485,
          196,
          124,
          192,
          705,
          189,
          186,
          530,
          302,
          95,
          112,
          656,
          618,
          72,
          235,
          355,
          213,
          102,
          116,
          105,
          192,
          120,
          1149,
          702,
          657,
          195,
          179,
          146,
          1256,
          143,
          100,
          166,
          116,
          445,
          122,
          104,
          572,
          139,
          341,
          100,
          118,
          117,
          1609,
          104,
          188,
          128,
          68,
          116,
          179,
          134,
          140,
          366,
          282,
          201,
          260,
          1286,
          176,
          162,
          112,
          244,
          195,
          227,
          974,
          211,
          243,
          200,
          196,
          600,
          272,
          514,
          1430,
          213,
          136,
          104,
          704,
          146,
          195,
          460,
          1391,
          104,
          156,
          237,
          173,
          154,
          737,
          484,
          184,
          168,
          160,
          304,
          446,
          261,
          112,
          174,
          229,
          211,
          242,
          208,
          171,
          194,
          495,
          139,
          147,
          102,
          178,
          270,
          316,
          591,
          641,
          607,
          108,
          140,
          269,
          136,
          134,
          118,
          123,
          264,
          143,
          154,
          249,
          149,
          146,
          309,
          116,
          329,
          116,
          388,
          503,
          667,
          222,
          147,
          131,
          69,
          164,
          656,
          236,
          231,
          236,
          824,
          332,
          162,
          189,
          304,
          459,
          229,
          687,
          596,
          280,
          100,
          454,
          179,
          140,
          317,
          314,
          239,
          76,
          96,
          84,
          474,
          206,
          163,
          239,
          218,
          160,
          492,
          105,
          155,
          108,
          60,
          153,
          483,
          202,
          36,
          116,
          203,
          181,
          554,
          68,
          433,
          200,
          441,
          192,
          124,
          861,
          193,
          265,
          203,
          161,
          165,
          116,
          127,
          181,
          301,
          132,
          1325,
          262,
          149,
          830,
          163,
          127,
          263,
          126,
          117,
          159,
          586,
          173,
          207,
          1426,
          412,
          96,
          68,
          84,
          359,
          196,
          148,
          133,
          233,
          125,
          136,
          76,
          114,
          92,
          211,
          201,
          246,
          123,
          110,
          881,
          231,
          92,
          217,
          258,
          865,
          257,
          157,
          179,
          162,
          156,
          612,
          208
        ]
      }
    },
    "Press_To_Release": {
      "NaN": {
        "FlightTime": [
          363,
          303,
          756,
          491,
          246,
          255,
          1861,
          706,
          894,
          313,
          317,
          254,
          218,
          692,
          366,
          336,
          229,
          1268,
          281,
          302,
          245,
          260,
          549,
          414,
          321,
          1462,
          315,
          292,
          453,
          285,
          236,
          552,
          180,
          248,
          248,
          204,
          231,
          2152,
          257,
          256,
          354,
          196,
          209,
          171,
          2080,
          331,
          443,
          828,
          268,
          177,
          180,
          277,
          515,
          691,
          628,
          683,
          331,
          246,
          647,
          413,
          224,
          200,
          268,
          248,
          444,
          263,
          196,
          231,
          2079,
          783,
          2526,
          241,
          477,
          618,
          1299,
          893,
          498,
          132,
          1522,
          539,
          451,
          1401,
          384,
          512,
          365,
          192,
          519,
          232,
          329,
          299,
          347,
          209,
          395,
          659,
          423,
          304,
          243,
          303,
          315,
          220,
          209,
          211,
          246,
          1349,
          197,
          252,
          995,
          572,
          379,
          802,
          606,
          242,
          394,
          374,
          279,
          724,
          319,
          356,
          492,
          261,
          215,
          320,
          288,
          269,
          334,
          813,
          558,
          486,
          164,
          509,
          346,
          259,
          574,
          298,
          284,
          351,
          293,
          1507,
          515,
          183,
          177,
          165,
          162,
          168,
          202,
          215,
          183,
          676,
          255,
          396,
          929,
          359,
          356,
          426,
          391,
          325,
          289,
          264,
          974,
          890,
          318,
          213,
          220,
          195,
          496,
          190,
          989,
          285,
          218,
          1079,
          549,
          1097,
          570,
          626,
          260,
          168,
          313,
          818,
          269,
          275,
          651,
          415,
          155,
          152,
          784,
          738,
          136,
          324,
          447,
          301,
          206,
          196,
          225,
          304,
          228,
          1301,
          806,
          753,
          283,
          259,
          218,
          1360,
          251,
          124,
          246,
          317,
          497,
          190,
          188,
          692,
          267,
          437,
          204,
          202,
          237,
          1705,
          104,
          328,
          244,
          124,
          124,
          287,
          262,
          276,
          454,
          370,
          309,
          360,
          1378,
          260,
          246,
          240,
          364,
          299,
          332,
          1073,
          280,
          348,
          365,
          361,
          737,
          381,
          647,
          1535,
          317,
          224,
          156,
          816,
          250,
          255,
          604,
          1487,
          188,
          220,
          321,
          273,
          262,
          861,
          564,
          300,
          324,
          260,
          368,
          554,
          353,
          240,
          342,
          382,
          364,
          363,
          349,
          260,
          283,
          551,
          199,
          183,
          178,
          326,
          350,
          396,
          779,
          749,
          691,
          124,
          236,
          329,
          196,
          178,
          178,
          327,
          332,
          219,
          254,
          369,
          265,
          270,
          405,
          220,
          441,
          228,
          504,
          556,
          772,
          347,
          252,
          176,
          166,
          221,
          792,
          336,
          351,
          332,
          920,
          424,
          218,
          285,
          404,
          535,
          321,
          787,
          752,
          400,
          152,
          554,
          279,
          264,
          469,
          450,
          323,
          136,
          124,
          104,
          594,
          311,
          255,
          383,
          355,
          237,
          545,
          162,
          220,
          120,
          144,
          253,
          599,
          326,
          140,
          144,
          315,
          277,
          638,
          100,
          589,
          248,
          521,
          300,
          232,
          981,
          297,
          369,
          295,
          258,
          289,
          229,
          236,
          442,
          429,
          245,
          1426,
          391,
          238,
          902,
          203,
          175,
          311,
          178,
          189,
          203,
          666,
          253,
          403,
          1494,
          520,
          156,
          100,
          120,
          447,
          264,
          204,
          205,
          305,
          181,
          204,
          152,
          159,
          148,
          320,
          290,
          311,
          180,
          247,
          1010,
          319,
          92,
          325,
          370,
          981,
          413,
          269,
          287,
          234,
          332,
          664,
          352
        ]
      }
    }
  }
}